Player,Pos,Age,Tm,G,GS,MP,FG,FGA,FG%,3P,3PA,3P%,2P,2PA,2P%,eFG%,FT,FTA,FT%,ORB,DRB,TRB,AST,STL,BLK,TOV,PF,PTS
Precious Achiuwa,C,23,TOR,17,0,17.5,2.7,6.9,.390,0.5,2.3,.205,2.2,4.6,.481,.424,1.7,2.1,.829,1.5,3.9,5.4,1.1,0.2,0.7,1.0,1.4,7.6
Steven Adams,C,29,MEM,36,36,26.9,3.6,6.2,.578,0.0,0.0,.000,3.6,6.2,.581,.578,1.0,3.0,.327,4.9,6.3,11.3,2.2,0.9,1.1,1.9,2.3,8.1
Bam Adebayo,C,25,MIA,37,37,35.2,8.5,15.8,.538,0.0,0.3,.100,8.5,15.5,.546,.539,4.4,5.4,.806,2.8,7.1,9.9,3.1,1.1,0.8,2.9,3.0,21.4
Ochai Agbaji,SG,22,UTA,21,0,10.1,1.4,3.0,.468,0.6,1.7,.343,0.8,1.3,.630,.565,0.2,0.5,.500,0.4,0.8,1.2,0.3,0.0,0.0,0.1,1.0,3.6
Santi Aldama,PF,22,MEM,37,16,22.6,3.4,7.1,.479,1.3,3.5,.367,2.1,3.6,.586,.569,1.4,1.9,.732,1.2,3.8,5.0,1.3,0.7,0.8,0.6,2.2,9.4
Nickeil Alexander-Walker,SG,24,UTA,29,2,15.7,2.6,5.3,.490,1.1,2.7,.410,1.5,2.6,.573,.595,0.8,1.2,.686,0.3,1.4,1.7,2.3,0.7,0.4,1.3,1.7,7.1
Grayson Allen,SG,27,MIL,37,35,27.4,3.3,7.6,.431,1.8,4.7,.387,1.5,3.0,.500,.549,1.9,2.1,.909,0.9,2.6,3.6,2.6,0.8,0.2,1.1,1.4,10.3
Jarrett Allen,C,24,CLE,35,35,32.8,5.3,8.5,.619,0.0,0.2,.000,5.3,8.4,.631,.619,2.6,3.7,.702,3.0,6.8,9.8,1.5,0.8,1.2,1.4,2.1,13.2
Jose Alvarado,PG,24,NOP,40,8,21.0,3.3,8.0,.418,1.4,4.2,.341,1.9,3.8,.503,.508,1.1,1.5,.776,0.5,2.0,2.5,3.1,1.2,0.1,1.4,2.0,9.2
Kyle Anderson,PF,29,MIN,31,16,25.5,2.8,5.8,.483,0.5,1.3,.415,2.3,4.5,.504,.531,1.7,2.1,.815,0.6,3.7,4.3,3.7,1.2,0.7,1.4,2.1,7.9
Giannis Antetokounmpo,PF,28,MIL,34,34,33.7,11.1,21.1,.527,0.7,3.0,.245,10.4,18.1,.574,.545,8.7,13.2,.657,2.3,9.5,11.8,5.2,0.8,0.9,4.1,3.5,31.7
Thanasis Antetokounmpo,SF,30,MIL,19,0,4.4,0.2,0.7,.214,0.0,0.2,.000,0.2,0.5,.300,.214,0.2,0.3,.500,0.3,0.6,0.9,0.2,0.1,0.2,0.4,0.4,0.5
Cole Anthony,PG,22,ORL,24,3,26.5,4.1,9.9,.416,1.1,3.7,.303,3.0,6.2,.483,.473,2.5,2.8,.896,0.6,4.0,4.6,4.3,0.8,0.4,1.6,3.0,11.9
OG Anunoby,SF,25,TOR,37,37,36.9,6.8,14.5,.469,1.9,5.2,.368,4.9,9.3,.526,.535,2.8,3.3,.836,1.6,4.3,5.9,2.1,2.2,0.8,2.3,3.2,18.3
Ryan Arcidiacono,PG,28,NYK,10,0,2.5,0.1,0.5,.200,0.1,0.3,.333,0.0,0.2,.000,.300,0.0,0.0,,0.0,0.4,0.4,0.2,0.2,0.0,0.1,0.3,0.3
Deni Avdija,SF,22,WAS,39,29,25.8,3.0,6.9,.430,0.8,3.0,.284,2.1,3.9,.539,.491,1.4,1.8,.783,0.9,4.6,5.6,2.7,0.8,0.6,1.5,2.9,8.2
Deandre Ayton,C,24,PHO,37,37,29.5,7.6,12.9,.592,0.2,0.6,.333,7.5,12.4,.604,.599,2.0,2.7,.733,2.8,7.0,9.8,2.0,0.5,0.7,2.1,2.8,17.5
Udoka Azubuike,C,23,UTA,15,0,4.2,0.8,0.9,.857,0.0,0.0,,0.8,0.9,.857,.857,0.1,0.4,.333,0.7,1.1,1.8,0.3,0.1,0.2,0.2,0.3,1.7
Marvin Bagley III,PF,23,DET,25,13,21.3,4.3,8.0,.537,0.4,1.3,.273,4.0,6.7,.589,.560,1.6,2.1,.769,2.1,3.8,5.9,0.6,0.5,0.7,0.9,2.0,10.6
Patrick Baldwin Jr.,SF,20,GSW,13,0,8.8,1.8,4.3,.429,1.5,3.4,.432,0.4,0.9,.417,.598,0.2,0.3,.750,0.0,1.6,1.6,0.2,0.5,0.1,0.5,0.5,5.4
LaMelo Ball,PG,21,CHO,18,18,34.3,8.3,20.1,.412,4.2,11.1,.380,4.1,9.0,.451,.517,2.3,2.7,.875,1.0,4.4,5.4,8.6,1.2,0.4,2.8,3.5,23.1
Mo Bamba,C,24,ORL,33,5,18.3,2.8,5.7,.492,1.0,2.8,.370,1.8,2.9,.608,.582,1.0,1.5,.694,1.2,3.8,5.0,1.1,0.3,1.1,0.6,2.3,7.7
Paolo Banchero,PF,20,ORL,35,35,34.2,6.9,15.9,.435,1.3,4.3,.313,5.6,11.7,.480,.478,6.0,7.9,.758,1.1,5.7,6.9,3.9,1.0,0.5,2.9,2.3,21.2
Desmond Bane,SG,24,MEM,20,20,31.1,7.2,16.7,.432,3.1,7.6,.401,4.2,9.1,.459,.524,4.0,4.5,.888,0.5,4.4,4.9,4.0,0.7,0.3,2.2,2.6,21.4
Dalano Banton,PG,23,TOR,22,2,10.1,2.0,4.7,.423,0.6,2.0,.302,1.4,2.8,.508,.486,0.6,0.8,.824,0.4,1.0,1.5,1.2,0.5,0.5,0.6,1.1,5.2
Dominick Barlow,SF,19,SAS,4,0,6.5,0.8,1.8,.429,0.0,0.8,.000,0.8,1.0,.750,.429,1.0,1.0,1.000,0.5,0.3,0.8,0.8,0.3,0.0,0.0,0.8,2.5
Harrison Barnes,PF,30,SAC,39,39,31.8,4.5,9.5,.477,1.4,4.2,.339,3.1,5.2,.588,.553,4.1,5.0,.814,1.0,4.2,5.1,1.7,0.8,0.1,1.3,1.4,14.5
Scottie Barnes,PF,21,TOR,38,37,33.9,5.8,13.1,.448,0.9,3.1,.288,4.9,9.9,.497,.482,2.1,2.7,.760,2.1,4.8,6.9,4.7,1.0,0.8,2.1,1.9,14.7
RJ Barrett,SG,22,NYK,35,35,34.1,6.9,16.1,.427,1.8,5.3,.332,5.1,10.8,.474,.481,4.2,5.5,.762,0.9,4.6,5.5,3.0,0.5,0.2,2.4,2.4,19.7
Will Barton,SG,32,WAS,35,0,20.5,2.8,7.4,.376,1.3,3.6,.365,1.5,3.8,.386,.465,0.9,1.1,.789,0.2,2.6,2.8,2.5,0.5,0.3,1.1,1.1,7.7
Charles Bassey,C,22,SAS,24,1,13.6,2.0,2.9,.671,0.1,0.3,.333,1.9,2.7,.703,.686,0.7,1.0,.667,1.8,3.4,5.2,1.2,0.3,0.9,1.2,2.1,4.7
Keita Bates-Diop,SF,27,SAS,30,12,17.9,2.9,5.7,.518,0.5,1.4,.366,2.4,4.3,.566,.562,1.1,1.4,.810,1.2,1.7,2.8,0.7,0.6,0.2,0.8,0.8,7.5
Nicolas Batum,PF,34,LAC,40,7,21.7,2.1,5.0,.427,1.6,3.9,.397,0.6,1.1,.535,.583,0.5,0.8,.633,0.9,3.5,4.4,1.4,0.6,0.8,0.8,2.1,6.3
Darius Bazley,PF,22,OKC,25,1,16.2,2.1,4.8,.437,0.5,1.4,.382,1.6,3.4,.459,.492,0.9,1.9,.489,0.8,2.7,3.5,0.9,0.5,1.0,0.7,1.2,5.6
Bradley Beal,SG,29,WAS,24,24,33.6,8.6,16.4,.525,1.5,4.4,.340,7.1,12.0,.594,.571,4.1,4.8,.861,0.9,2.6,3.5,5.2,1.0,0.6,2.8,1.8,22.9
Malik Beasley,SG,26,UTA,44,6,26.7,5.1,12.5,.406,3.1,8.6,.361,2.0,3.9,.506,.530,0.8,0.9,.854,0.5,3.0,3.5,1.7,0.9,0.2,1.0,1.2,14.0
MarJon Beauchamp,SF,22,MIL,29,8,15.4,2.3,5.6,.416,1.1,3.2,.344,1.2,2.3,.515,.516,0.6,0.9,.720,1.0,1.6,2.7,0.6,0.5,0.1,1.0,1.8,6.3
Dāvis Bertāns,PF,30,DAL,23,0,10.2,1.3,3.5,.383,1.1,3.1,.352,0.3,0.4,.600,.537,0.4,0.5,.833,0.2,0.7,0.9,0.3,0.2,0.1,0.3,1.2,4.2
Patrick Beverley,PG,34,LAL,34,34,26.5,2.0,5.1,.391,1.1,3.3,.333,0.9,1.9,.492,.497,0.7,0.9,.806,0.6,2.9,3.5,2.6,0.8,0.6,1.0,2.8,5.8
Saddiq Bey,SF,23,DET,40,22,28.3,4.3,11.0,.393,1.7,5.3,.318,2.6,5.7,.463,.469,3.3,3.8,.850,0.9,3.2,4.1,1.5,0.9,0.2,1.0,1.6,13.5
Khem Birch,C,30,TOR,20,0,8.1,1.0,1.6,.594,0.1,0.1,.500,0.9,1.5,.600,.609,0.2,0.3,.800,0.4,0.9,1.3,0.4,0.3,0.3,0.4,1.2,2.2
Goga Bitadze,C,23,IND,18,0,9.7,1.4,2.6,.543,0.2,0.7,.250,1.2,1.9,.647,.576,0.5,1.0,.500,1.0,1.2,2.2,0.9,0.4,0.5,0.6,1.8,3.4
Bismack Biyombo,C,30,PHO,32,5,13.7,1.6,2.8,.578,0.0,0.0,,1.6,2.8,.578,.578,0.4,1.3,.325,1.1,2.7,3.8,0.8,0.3,1.3,0.9,1.9,3.7
Buddy Boeheim,PG,23,DET,1,0,1.0,0.0,0.0,,0.0,0.0,,0.0,0.0,,,0.0,0.0,,0.0,0.0,0.0,0.0,0.0,0.0,0.0,0.0,0.0
Bogdan Bogdanović,SG,30,ATL,17,3,30.8,6.1,14.1,.431,3.1,8.1,.380,3.0,6.0,.500,.540,1.2,1.4,.833,0.3,3.6,3.9,2.5,0.8,0.4,1.4,1.4,16.4
Bojan Bogdanović,PF,33,DET,42,42,31.3,7.0,14.5,.484,2.4,5.8,.416,4.6,8.7,.530,.568,4.6,5.2,.894,0.5,3.0,3.6,2.7,0.6,0.0,2.3,1.7,21.0
Bol Bol,PF,23,ORL,37,32,26.1,4.9,8.4,.588,0.7,1.8,.388,4.2,6.6,.643,.630,1.4,1.9,.739,1.3,5.8,7.1,0.9,0.5,1.6,1.9,1.5,12.0
Leandro Bolmaro,SG,22,UTA,10,0,5.8,0.3,1.6,.188,0.0,0.3,.000,0.3,1.3,.231,.188,0.0,0.0,,0.3,0.1,0.4,0.6,0.3,0.1,0.7,0.7,0.6
Devin Booker,SG,26,PHO,29,29,34.6,9.8,20.4,.477,2.3,6.2,.370,7.4,14.2,.524,.534,5.3,6.2,.850,0.8,3.8,4.6,5.6,0.9,0.4,2.4,2.7,27.1
Brandon Boston Jr.,SG,21,LAC,15,0,9.7,1.7,4.7,.366,0.6,1.4,.429,1.1,3.3,.340,.430,1.3,1.7,.769,0.3,0.9,1.2,0.9,0.3,0.0,0.3,0.6,5.4
Chris Boucher,PF,30,TOR,36,0,20.9,3.4,7.3,.466,0.8,2.7,.281,2.6,4.6,.572,.517,2.1,2.8,.762,2.0,3.6,5.7,0.5,0.7,0.7,0.6,2.1,9.7
James Bouknight,SG,22,CHO,25,0,13.9,1.6,4.8,.333,0.6,2.5,.254,1.0,2.3,.421,.400,0.6,0.9,.682,0.2,1.8,2.0,1.1,0.5,0.2,0.7,1.2,4.4
Tony Bradley,C,25,CHI,9,0,2.8,0.4,0.8,.571,0.2,0.4,.500,0.2,0.3,.667,.714,0.2,0.2,1.000,0.1,1.0,1.1,0.1,0.1,0.0,0.1,0.1,1.3
Malaki Branham,SF,19,SAS,27,4,19.4,2.8,6.6,.424,1.0,3.2,.302,1.8,3.4,.538,.497,0.7,0.9,.783,0.2,1.5,1.7,1.7,0.4,0.1,1.1,1.1,7.2
Christian Braun,SG,21,DEN,37,1,13.7,1.4,3.0,.455,0.3,1.0,.324,1.0,2.0,.521,.509,0.3,0.6,.524,0.5,1.4,1.9,0.5,0.3,0.2,0.4,1.1,3.3
Mikal Bridges,SF,26,PHO,42,42,36.4,5.8,12.6,.457,1.8,4.5,.392,4.0,8.1,.494,.527,2.4,2.7,.885,1.0,3.5,4.6,3.2,1.1,0.9,1.3,2.2,15.7
Oshae Brissett,SF,24,IND,36,0,15.9,1.8,4.3,.419,0.9,2.4,.365,0.9,1.9,.486,.519,1.4,2.1,.667,0.8,2.4,3.3,0.4,0.6,0.2,0.6,1.3,5.9
Malcolm Brogdon,PG,30,BOS,35,0,23.6,4.5,9.7,.470,1.8,4.0,.440,2.8,5.6,.492,.562,2.5,2.9,.881,0.8,3.3,4.1,3.9,0.5,0.3,1.7,1.4,13.4
Dillon Brooks,SG,27,MEM,37,37,30.7,6.3,15.6,.406,2.1,6.3,.335,4.2,9.3,.455,.474,2.2,2.8,.788,0.6,2.8,3.5,2.8,0.8,0.2,1.7,3.4,17.0
Bruce Brown,PG,26,DEN,39,19,28.9,4.4,8.8,.499,1.4,3.4,.409,3.0,5.5,.554,.577,0.9,1.2,.804,0.8,3.4,4.2,3.9,0.9,0.6,1.6,2.4,11.2
Greg Brown III,PF,21,POR,11,0,6.5,0.8,1.9,.429,0.1,0.5,.167,0.7,1.4,.533,.452,0.5,1.1,.417,0.2,0.9,1.1,0.0,0.4,0.5,0.5,0.8,2.2
Jaylen Brown,SF,26,BOS,39,39,35.5,10.1,20.4,.492,2.4,7.5,.325,7.6,12.9,.589,.552,4.3,5.4,.790,1.2,5.8,6.9,3.3,1.1,0.5,3.1,2.7,26.8
Kendall Brown,SG,19,IND,6,0,6.7,0.7,1.2,.571,0.0,0.2,.000,0.7,1.0,.667,.571,0.2,0.3,.500,0.3,0.7,1.0,0.5,0.7,0.0,0.3,1.5,1.5
Moses Brown,C,23,LAC,30,1,7.6,1.7,2.7,.610,0.0,0.0,,1.7,2.7,.610,.610,1.0,2.2,.446,1.6,2.0,3.6,0.1,0.1,0.4,0.3,1.1,4.3
Sterling Brown,SG,27,LAL,3,0,7.7,0.0,1.3,.000,0.0,0.7,.000,0.0,0.7,.000,.000,0.0,0.0,,1.0,1.7,2.7,0.7,1.0,0.0,0.0,1.0,0.0
Troy Brown Jr.,SF,23,LAL,35,18,22.4,2.5,5.6,.439,1.1,3.0,.358,1.4,2.6,.533,.536,0.5,0.5,1.000,0.8,3.1,3.9,0.7,0.7,0.1,0.8,1.3,6.5
Jalen Brunson,PG,26,NYK,38,38,33.2,7.8,16.6,.469,1.7,4.4,.381,6.1,12.2,.501,.520,4.3,5.1,.845,0.5,3.0,3.5,6.5,1.0,0.1,2.2,2.3,21.6
Thomas Bryant,C,25,LAL,27,15,22.1,5.2,7.8,.668,0.5,1.1,.452,4.7,6.7,.706,.701,2.1,2.8,.737,1.8,5.4,7.3,0.9,0.4,0.5,0.9,2.0,13.0
Reggie Bullock,SF,31,DAL,40,27,28.8,1.8,5.1,.343,1.4,4.3,.316,0.4,0.8,.485,.475,0.4,0.6,.667,0.4,2.9,3.3,1.2,0.7,0.2,0.5,2.1,5.3
Alec Burks,SG,31,DET,31,0,21.9,4.3,9.3,.460,1.9,4.4,.438,2.4,4.9,.480,.564,3.5,4.4,.807,0.3,2.7,3.0,2.1,0.8,0.2,1.2,2.2,14.0
Jimmy Butler,SF,33,MIA,28,28,34.8,7.3,14.3,.509,0.7,2.1,.322,6.6,12.1,.541,.533,6.9,8.2,.843,2.1,4.3,6.4,5.5,2.2,0.4,1.8,1.3,22.1
John Butler,C,20,POR,4,0,3.8,0.3,0.8,.333,0.0,0.5,.000,0.3,0.3,1.000,.333,0.0,0.0,,0.3,0.3,0.5,0.3,0.0,0.3,0.0,0.0,0.5
Jamal Cain,SF,23,MIA,11,0,12.5,1.8,3.4,.541,0.2,0.7,.250,1.6,2.6,.621,.568,0.9,1.3,.714,0.9,1.5,2.5,0.7,0.5,0.0,0.3,1.2,4.7
Kentavious Caldwell-Pope,SG,29,DEN,39,39,31.4,4.1,8.7,.470,2.1,4.4,.471,2.0,4.3,.470,.590,1.3,1.5,.847,0.5,2.6,3.1,2.3,1.1,0.3,1.2,2.1,11.5
Facundo Campazzo,PG,31,DAL,8,0,6.5,0.4,1.6,.231,0.4,1.4,.273,0.0,0.3,.000,.346,0.1,0.3,.500,0.0,0.3,0.3,1.1,0.8,0.0,0.4,0.4,1.3
Vlatko Čančar,PF,25,DEN,29,0,13.7,1.9,3.7,.523,1.0,2.0,.491,1.0,1.7,.560,.654,0.3,0.4,.909,0.5,1.6,2.0,1.2,0.4,0.2,0.7,1.7,5.2
Clint Capela,C,28,ATL,27,27,27.5,5.4,8.6,.636,0.0,0.0,,5.4,8.6,.636,.636,1.1,1.9,.600,4.3,7.6,11.9,0.7,0.6,1.3,1.0,2.4,12.0
Vernon Carey Jr.,C,21,WAS,7,0,2.1,0.1,0.4,.333,0.0,0.0,,0.1,0.4,.333,.333,0.0,0.0,,0.1,0.6,0.7,0.1,0.1,0.3,0.3,0.3,0.3
Jevon Carter,PG,27,MIL,40,30,25.0,2.7,6.8,.397,1.3,3.5,.369,1.4,3.3,.427,.493,0.5,0.6,.870,0.6,2.3,2.9,3.0,1.1,0.5,1.3,2.2,7.2
Wendell Carter Jr.,C,23,ORL,23,20,30.6,5.7,10.8,.530,1.3,3.5,.363,4.5,7.3,.609,.588,3.2,4.1,.779,2.0,6.6,8.6,2.9,0.4,0.7,2.3,3.0,16.0
Alex Caruso,PG,28,CHI,35,14,24.0,1.8,4.0,.440,0.9,2.1,.405,0.9,1.9,.478,.546,0.9,1.1,.750,0.4,2.3,2.7,3.4,1.5,0.7,1.3,2.4,5.3
Julian Champagnie,SF,21,PHI,2,0,3.5,0.0,1.0,.000,0.0,0.5,.000,0.0,0.5,.000,.000,0.0,0.0,,0.0,0.0,0.0,0.0,0.5,0.0,0.0,0.0,0.0
Justin Champagnie,SF,21,TOR,3,0,3.7,1.0,1.0,1.000,0.0,0.0,,1.0,1.0,1.000,1.000,0.0,0.0,,0.3,1.0,1.3,0.3,0.0,0.0,0.0,0.3,2.0
Kennedy Chandler,PG,20,MEM,20,0,10.2,1.3,3.1,.403,0.1,0.7,.154,1.2,2.5,.469,.419,0.3,0.6,.455,0.3,1.2,1.5,2.3,0.5,0.3,0.8,0.7,2.9
Max Christie,SG,19,LAL,23,1,13.5,1.3,3.0,.414,0.8,1.8,.439,0.5,1.3,.379,.543,0.2,0.3,.833,0.2,2.0,2.2,0.6,0.1,0.1,0.3,0.7,3.5
Josh Christopher,SG,21,HOU,22,0,6.6,1.1,2.6,.414,0.1,0.8,.176,1.0,1.9,.512,.440,0.3,0.4,.750,0.2,0.8,1.0,0.6,0.2,0.0,0.5,0.7,2.6
Brandon Clarke,PF,26,MEM,35,3,19.5,4.1,6.3,.652,0.0,0.2,.167,4.1,6.1,.665,.654,1.9,2.5,.756,1.4,4.1,5.5,1.1,0.5,0.7,1.1,2.4,10.1
Jordan Clarkson,SG,30,UTA,43,43,32.5,7.4,16.4,.451,2.7,7.6,.359,4.7,8.9,.530,.534,3.1,3.8,.812,1.1,2.7,3.9,4.5,0.5,0.2,2.8,2.0,20.7
Nic Claxton,C,23,BRK,37,37,28.3,5.3,7.2,.738,0.0,0.0,.000,5.3,7.2,.741,.738,1.2,2.6,.469,2.5,5.9,8.3,1.5,0.8,2.6,1.2,2.8,11.9
Amir Coffey,SG,25,LAC,32,7,13.9,1.2,3.1,.374,0.3,0.9,.321,0.9,2.2,.394,.419,1.1,1.3,.814,0.4,0.8,1.2,1.3,0.2,0.1,0.4,1.1,3.7
John Collins,PF,25,ATL,32,32,31.2,5.2,10.3,.498,0.8,3.3,.229,4.4,7.1,.624,.535,2.2,2.8,.807,1.1,7.0,8.1,1.3,0.8,1.4,1.3,3.3,13.3
Zach Collins,PF,25,SAS,30,7,20.7,3.7,6.6,.556,0.6,1.6,.367,3.1,5.0,.617,.601,1.6,2.2,.712,2.0,3.7,5.7,2.5,0.4,0.8,2.0,3.4,9.5
Mike Conley,PG,35,UTA,33,32,29.4,3.4,8.8,.381,1.7,4.9,.352,1.6,3.9,.419,.479,1.6,2.1,.779,0.4,1.8,2.1,7.5,1.0,0.2,1.7,2.3,10.1
Pat Connaughton,SG,30,MIL,24,8,22.3,2.6,7.3,.360,1.8,5.6,.321,0.8,1.7,.488,.483,0.5,0.7,.647,0.5,3.3,3.8,1.1,0.5,0.1,0.5,1.1,7.5
Robert Covington,PF,32,LAC,24,0,16.6,2.0,5.1,.385,0.9,3.0,.292,1.1,2.1,.520,.471,1.0,1.3,.767,0.6,3.2,3.8,1.3,0.6,0.6,0.7,1.8,5.8
Torrey Craig,SF,32,PHO,39,30,25.3,3.3,7.0,.465,1.4,3.5,.394,1.9,3.5,.537,.564,0.5,0.7,.808,2.1,3.6,5.7,1.5,0.7,0.7,0.8,2.5,8.4
Jarrett Culver,SG,23,ATL,10,1,13.7,1.7,4.3,.395,0.1,1.2,.083,1.6,3.1,.516,.407,0.9,1.3,.692,1.0,2.8,3.8,0.6,0.6,0.2,0.7,1.4,4.4
Cade Cunningham,PG,21,DET,12,12,33.3,7.8,18.7,.415,1.4,5.1,.279,6.3,13.6,.466,.453,3.0,3.6,.837,1.0,5.2,6.2,6.0,0.8,0.6,3.3,2.8,19.9
Seth Curry,SG,32,BRK,28,1,21.2,3.4,7.5,.452,1.8,4.1,.426,1.6,3.4,.484,.569,0.7,0.7,.950,0.2,1.9,2.1,2.1,0.6,0.2,0.9,1.8,9.2
Stephen Curry,PG,34,GSW,27,27,34.3,10.0,20.2,.495,5.0,11.7,.429,5.0,8.5,.585,.619,4.7,5.1,.914,0.6,5.7,6.4,6.7,1.0,0.3,3.0,2.1,29.7
Dyson Daniels,PG,19,NOP,32,5,18.7,1.6,3.7,.441,0.5,1.5,.354,1.1,2.2,.500,.513,0.5,0.8,.600,0.7,2.7,3.4,2.2,0.8,0.3,0.8,1.9,4.3
Anthony Davis,C,29,LAL,25,25,33.4,10.2,17.2,.594,0.4,1.2,.290,9.8,15.9,.618,.605,6.6,8.0,.826,3.1,9.0,12.1,2.6,1.3,2.1,1.9,2.7,27.4
Johnny Davis,SG,20,WAS,10,0,5.0,0.4,1.3,.308,0.0,0.3,.000,0.4,1.0,.400,.308,0.3,0.3,1.000,0.1,0.6,0.7,0.2,0.0,0.1,0.1,1.2,1.1
Terence Davis,SG,25,SAC,31,2,12.4,2.3,5.4,.422,1.2,3.5,.349,1.0,1.8,.561,.536,0.5,0.5,.824,0.4,1.9,2.3,1.2,0.7,0.3,0.8,1.8,6.2
JD Davison,PG,20,BOS,3,0,2.7,0.3,1.3,.250,0.0,0.7,.000,0.3,0.7,.500,.250,0.0,0.0,,0.0,0.3,0.3,0.3,0.3,0.0,0.3,0.0,0.7
Dewayne Dedmon,C,33,MIA,29,0,11.7,2.2,4.3,.512,0.4,1.2,.306,1.8,3.1,.596,.556,1.1,1.5,.727,1.0,2.7,3.7,0.5,0.2,0.4,0.7,2.0,5.9
Matthew Dellavedova,PG,32,SAC,17,0,6.2,0.5,1.4,.333,0.2,0.6,.364,0.2,0.8,.308,.417,0.1,0.2,.333,0.1,0.2,0.3,1.2,0.4,0.0,0.4,0.7,1.2
DeMar DeRozan,SF,33,CHI,41,41,36.0,9.3,18.4,.506,0.4,1.4,.271,8.9,16.9,.526,.517,7.1,8.0,.887,0.5,4.5,5.0,4.9,1.0,0.5,2.0,2.7,26.1
Moussa Diabaté,PF,21,LAC,8,1,11.3,1.6,3.0,.542,0.0,0.0,,1.6,3.0,.542,.542,0.9,1.1,.778,2.5,1.5,4.0,0.3,0.4,0.1,0.6,1.3,4.1
Mamadi Diakite,PF,26,CLE,13,2,6.8,0.8,1.8,.478,0.3,1.0,.308,0.5,0.8,.700,.565,0.0,0.0,,0.2,0.6,0.8,0.2,0.2,0.4,0.5,0.8,2.0
Hamidou Diallo,SG,24,DET,36,0,15.7,2.9,5.4,.539,0.1,0.5,.278,2.8,4.9,.566,.552,1.4,2.5,.567,1.1,2.2,3.3,0.9,0.7,0.3,0.9,1.9,7.3
Gorgui Dieng,C,33,SAS,13,1,11.6,1.5,3.7,.417,0.8,2.5,.303,0.8,1.2,.667,.521,0.2,0.3,.750,1.1,2.2,3.2,2.0,0.1,0.5,0.9,1.8,4.1
Ousmane Dieng,SF,19,OKC,14,0,15.7,1.8,4.2,.424,0.7,2.4,.294,1.1,1.8,.600,.508,0.1,0.3,.250,0.4,2.4,2.9,1.4,0.4,0.3,0.5,0.9,4.4
Spencer Dinwiddie,PG,29,DAL,41,41,33.3,5.6,12.1,.458,2.5,6.2,.402,3.0,5.9,.517,.561,2.5,3.0,.829,0.4,2.7,3.1,5.2,0.8,0.3,1.6,2.3,16.1
Donte DiVincenzo,SG,26,GSW,31,11,23.8,2.5,6.3,.393,1.7,4.5,.377,0.8,1.9,.431,.526,0.6,0.8,.833,1.0,3.7,4.7,2.9,1.3,0.1,1.4,1.9,7.3
Luka Dončić,PG,23,DAL,38,38,37.1,11.4,22.8,.501,2.9,8.1,.354,8.5,14.7,.582,.564,8.6,11.6,.743,0.9,7.9,8.9,8.7,1.6,0.6,3.7,2.9,34.2
Tyler Dorsey,SG,26,DAL,3,0,2.7,1.3,1.7,.800,0.3,0.7,.500,1.0,1.0,1.000,.900,0.0,0.0,,0.3,0.3,0.7,0.0,0.0,0.0,0.0,0.0,3.0
Luguentz Dort,SG,23,OKC,40,40,30.2,4.9,12.0,.407,1.8,5.4,.341,3.1,6.6,.460,.483,2.6,3.5,.755,1.4,2.9,4.3,2.3,1.1,0.3,1.5,3.3,14.2
Ayo Dosunmu,PG,23,CHI,39,31,27.5,3.9,7.8,.503,0.9,2.7,.330,3.0,5.1,.596,.561,0.9,1.2,.787,0.7,2.4,3.1,2.6,0.8,0.3,1.3,2.5,9.7
Devon Dotson,PG,23,WAS,6,0,8.8,0.2,1.7,.100,0.2,0.7,.250,0.0,1.0,.000,.150,0.0,0.0,,1.0,0.7,1.7,1.3,0.8,0.0,0.5,1.5,0.5
Jeff Dowtin,PG,25,TOR,12,0,7.2,1.0,1.9,.522,0.1,0.3,.250,0.9,1.6,.579,.543,0.3,0.3,1.000,0.4,0.7,1.1,0.9,0.2,0.1,0.2,0.4,2.3
PJ Dozier,SG,26,SAC,1,0,5.0,0.0,1.0,.000,0.0,1.0,.000,0.0,0.0,,.000,0.0,0.0,,0.0,1.0,1.0,0.0,0.0,0.0,0.0,0.0,0.0
Goran Dragić,PG,36,CHI,38,0,16.6,2.9,6.6,.437,1.1,2.7,.385,1.8,3.9,.473,.516,0.6,0.9,.639,0.3,1.2,1.5,2.9,0.2,0.1,1.1,1.4,7.4
Andre Drummond,C,29,CHI,33,0,13.7,2.7,4.5,.601,0.0,0.1,.000,2.7,4.4,.610,.601,1.0,1.7,.561,2.2,4.7,6.9,0.7,0.7,0.3,1.1,1.9,6.4
Chris Duarte,SF,25,IND,20,5,16.4,2.1,6.5,.326,0.9,3.3,.273,1.2,3.2,.381,.395,1.1,1.3,.840,0.3,1.9,2.1,1.2,0.2,0.3,0.9,1.5,6.2
David Duke Jr.,SG,23,BRK,14,0,9.0,1.4,3.1,.442,0.0,0.4,.000,1.4,2.6,.514,.442,0.3,0.6,.500,0.4,0.6,1.1,0.9,0.4,0.1,0.9,1.6,3.0
Kevin Durant,PF,34,BRK,39,39,36.0,10.5,18.8,.559,1.8,4.8,.376,8.7,14.0,.622,.607,6.8,7.3,.934,0.4,6.4,6.7,5.3,0.8,1.5,3.5,2.4,29.7
Jalen Duren,C,19,DET,39,15,24.4,3.3,5.2,.634,0.0,0.0,.000,3.3,5.2,.637,.634,1.1,1.9,.573,3.4,5.1,8.5,1.0,0.6,0.7,1.2,2.6,7.7
Tari Eason,PF,21,HOU,40,0,18.8,3.0,7.1,.421,0.8,2.1,.366,2.3,5.1,.443,.474,1.2,1.5,.797,2.0,3.4,5.4,0.9,1.1,0.5,1.0,2.2,7.9
Anthony Edwards,SG,21,MIN,41,41,36.5,8.5,18.6,.456,2.6,7.1,.361,5.9,11.5,.515,.525,4.2,5.6,.750,0.6,5.5,6.1,4.3,1.7,0.6,3.2,2.8,23.7
Kessler Edwards,SF,22,BRK,13,1,5.7,0.5,1.7,.273,0.2,0.8,.182,0.3,0.8,.364,.318,0.1,0.2,.500,0.5,0.6,1.1,0.2,0.2,0.1,0.3,0.2,1.2
Keon Ellis,SG,23,SAC,3,0,3.0,0.0,0.3,.000,0.0,0.3,.000,0.0,0.0,,.000,0.0,0.0,,0.0,0.7,0.7,0.3,0.0,0.0,0.0,0.7,0.0
Joel Embiid,C,28,PHI,29,29,35.1,11.3,21.1,.534,1.1,3.1,.341,10.2,18.0,.568,.560,10.0,11.6,.858,1.8,8.1,9.9,4.4,1.1,1.7,3.8,3.4,33.6
Drew Eubanks,C,25,POR,38,5,18.3,2.4,3.2,.740,0.1,0.1,.667,2.3,3.2,.742,.748,0.9,1.3,.667,1.4,2.9,4.3,0.9,0.5,1.0,0.9,2.1,5.7
Bruno Fernando,C,24,HOU,21,4,11.0,1.4,2.6,.556,0.0,0.0,.000,1.4,2.5,.566,.556,0.9,1.4,.621,1.4,2.1,3.5,0.9,0.2,0.7,0.5,2.1,3.7
Dorian Finney-Smith,PF,29,DAL,31,31,31.6,3.0,7.5,.401,1.9,5.4,.345,1.1,2.1,.547,.526,0.5,0.8,.640,1.4,2.6,4.0,1.2,1.0,0.5,0.9,1.9,8.4
Malachi Flynn,PG,24,TOR,29,1,15.1,2.0,5.4,.373,1.2,3.0,.391,0.9,2.4,.352,.481,0.4,0.6,.765,0.3,1.3,1.7,1.5,0.3,0.1,0.6,1.6,5.7
Simone Fontecchio,SF,27,UTA,22,0,8.9,1.2,3.3,.375,0.8,2.3,.353,0.4,1.0,.429,.500,0.4,0.6,.643,0.5,0.7,1.1,0.4,0.1,0.2,0.5,0.9,3.7
Bryn Forbes,SG,29,MIN,21,0,10.6,1.1,3.3,.333,0.4,1.7,.250,0.7,1.6,.424,.399,0.6,0.6,1.000,0.2,0.4,0.6,0.6,0.3,0.0,0.4,0.8,3.2
Trent Forrest,PG,24,ATL,15,3,14.1,1.5,3.1,.478,0.0,0.1,.000,1.5,2.9,.500,.478,0.1,0.2,.667,0.3,1.4,1.7,1.9,0.4,0.1,0.5,0.9,3.1
Michael Foster Jr.,PF,20,PHI,1,0,1.0,0.0,0.0,,0.0,0.0,,0.0,0.0,,,0.0,0.0,,0.0,0.0,0.0,0.0,0.0,0.0,0.0,0.0,0.0
Evan Fournier,SG,30,NYK,19,7,18.4,2.3,6.5,.350,1.3,4.2,.313,0.9,2.3,.419,.451,0.8,1.0,.842,0.1,1.9,2.1,1.5,0.6,0.2,0.9,1.8,6.7
De'Aaron Fox,PG,25,SAC,36,36,33.0,8.8,17.6,.502,1.6,4.9,.326,7.2,12.6,.570,.547,4.6,5.7,.801,0.4,4.1,4.5,6.0,0.9,0.4,2.6,2.6,23.8
Markelle Fultz,SG,24,ORL,21,21,27.8,5.1,10.4,.491,0.4,1.3,.321,4.7,9.0,.516,.511,1.4,2.0,.690,1.3,2.9,4.1,5.6,1.7,0.3,2.2,2.0,12.0
Wenyen Gabriel,PF,25,LAL,32,2,14.7,2.4,3.8,.618,0.3,0.6,.421,2.1,3.3,.654,.650,0.9,1.3,.700,1.6,2.4,3.9,0.5,0.3,0.6,0.8,2.1,5.9
Daniel Gafford,C,24,WAS,41,10,16.8,3.2,4.3,.750,0.0,0.0,,3.2,4.3,.750,.750,1.3,2.2,.596,1.9,2.9,4.8,0.7,0.3,1.1,0.9,2.1,7.7
Darius Garland,PG,23,CLE,33,33,35.9,7.4,16.5,.449,2.4,6.1,.390,5.1,10.5,.483,.520,4.2,4.8,.862,0.4,2.3,2.7,7.8,1.2,0.2,3.1,2.1,21.4
Usman Garuba,PF,20,HOU,38,1,14.5,1.3,2.5,.526,0.2,0.6,.429,1.1,1.9,.554,.574,0.5,0.9,.559,1.9,3.0,4.9,1.0,0.7,0.6,0.8,1.8,3.4
Luka Garza,C,24,MIN,11,0,6.7,1.7,3.0,.576,0.1,0.7,.125,1.6,2.3,.720,.591,1.5,1.7,.895,0.6,1.1,1.7,0.4,0.1,0.1,0.4,1.3,5.1
Rudy Gay,SF,36,UTA,30,0,15.2,1.7,4.8,.364,0.6,2.5,.230,1.2,2.3,.507,.423,0.5,0.7,.762,0.6,2.4,3.1,0.7,0.5,0.4,0.6,1.3,4.6
Paul George,SF,32,LAC,30,30,33.9,8.1,18.0,.451,3.1,8.0,.385,5.0,10.0,.503,.536,4.5,5.0,.887,0.6,5.3,6.0,5.1,1.5,0.4,3.5,2.6,23.7
Taj Gibson,PF,37,WAS,24,1,9.0,1.4,2.5,.550,0.1,0.5,.231,1.3,2.0,.638,.575,0.6,0.8,.750,0.5,1.0,1.5,0.5,0.4,0.3,0.5,1.9,3.5
Josh Giddey,SG,20,OKC,36,36,30.8,6.6,13.9,.470,1.1,3.2,.342,5.5,10.8,.508,.509,1.1,1.4,.788,1.9,6.1,8.0,5.6,0.7,0.4,3.1,2.1,15.3
Shai Gilgeous-Alexander,SG,24,OKC,37,37,35.7,10.3,20.5,.501,1.0,2.9,.349,9.3,17.6,.526,.526,9.3,10.2,.910,0.8,3.9,4.8,5.6,1.6,1.1,3.3,2.8,30.8
Anthony Gill,PF,30,WAS,33,4,9.4,1.0,1.8,.586,0.1,0.5,.133,1.0,1.3,.744,.603,0.4,0.5,.824,0.5,0.8,1.3,0.4,0.2,0.2,0.2,1.2,2.5
Rudy Gobert,C,30,MIN,35,35,31.6,5.4,8.0,.675,0.0,0.1,.000,5.4,7.9,.682,.675,3.2,4.8,.671,3.5,8.4,11.9,0.9,0.7,1.4,1.7,3.1,14.0
Jordan Goodwin,PG,24,WAS,32,3,19.1,2.7,5.5,.486,0.7,1.7,.407,2.0,3.8,.520,.548,0.8,1.2,.730,1.0,2.6,3.6,2.8,1.1,0.5,1.0,1.8,6.9
Aaron Gordon,PF,27,DEN,35,35,29.9,6.4,10.9,.582,0.9,2.6,.367,5.4,8.4,.648,.625,2.9,4.6,.644,2.6,4.5,7.1,2.3,0.9,0.8,1.6,1.8,16.6
Eric Gordon,SG,34,HOU,34,34,29.7,3.9,9.4,.420,1.9,5.2,.360,2.1,4.1,.496,.520,1.8,2.1,.833,0.3,1.7,2.0,2.4,0.5,0.4,1.6,0.8,11.5
Devonte' Graham,PG,27,NOP,41,0,15.0,1.5,4.3,.356,1.1,3.5,.331,0.4,0.9,.457,.489,0.9,1.2,.771,0.3,1.2,1.5,2.2,0.5,0.2,0.5,0.8,5.1
Jerami Grant,PF,28,POR,38,38,36.1,7.4,15.3,.486,2.5,6.0,.423,4.9,9.3,.527,.569,4.6,5.7,.797,1.1,3.3,4.4,2.6,0.8,0.8,1.8,2.3,21.9
A.J. Green,SG,23,MIL,17,0,8.8,1.5,3.1,.500,1.0,2.4,.415,0.5,0.6,.818,.663,0.2,0.2,1.000,0.2,1.0,1.2,0.5,0.2,0.0,0.2,1.1,4.3
Draymond Green,PF,32,GSW,37,37,31.4,3.1,6.2,.498,0.6,1.9,.319,2.5,4.2,.580,.548,0.9,1.3,.702,0.8,6.1,6.9,6.7,0.8,0.8,2.4,2.9,7.7
Jalen Green,SG,20,HOU,40,40,34.4,7.1,17.4,.406,2.4,7.3,.322,4.7,10.1,.467,.473,4.7,5.9,.793,0.6,3.8,4.4,3.6,0.8,0.2,2.9,1.6,21.2
JaMychal Green,PF,32,GSW,28,1,14.9,2.3,4.5,.512,0.5,1.8,.265,1.8,2.7,.671,.564,0.8,1.1,.733,1.4,2.6,4.0,0.8,0.5,0.4,1.1,2.0,5.8
Javonte Green,SG,29,CHI,28,1,16.0,2.2,3.7,.587,0.5,1.2,.382,1.7,2.5,.686,.649,1.0,1.5,.674,0.9,2.0,2.9,0.8,0.8,0.7,0.7,1.7,5.9
Jeff Green,PF,36,DEN,24,3,19.3,2.8,5.4,.527,0.3,1.3,.267,2.5,4.1,.606,.558,1.5,2.1,.686,0.9,1.9,2.8,1.1,0.4,0.3,1.0,1.8,7.5
Josh Green,SG,22,DAL,25,1,20.3,2.4,4.1,.583,1.0,2.2,.444,1.4,2.0,.735,.699,1.3,1.8,.711,0.9,1.4,2.3,1.2,0.9,0.0,0.7,2.5,7.0
AJ Griffin,SF,19,ATL,36,10,21.0,3.9,8.4,.469,1.6,4.4,.369,2.3,4.1,.575,.564,0.4,0.4,.875,0.6,1.6,2.2,1.0,0.9,0.1,0.8,1.2,9.9
Blake Griffin,PF,33,BOS,17,8,14.4,1.7,3.5,.492,0.5,1.5,.320,1.2,2.0,.618,.559,0.9,1.2,.714,0.9,2.8,3.6,1.2,0.3,0.1,0.4,1.9,4.8
Quentin Grimes,SG,22,NYK,30,25,28.8,3.6,7.9,.458,1.9,5.1,.368,1.7,2.8,.619,.576,1.1,1.4,.791,0.8,2.5,3.3,2.0,0.8,0.5,1.1,2.7,10.2
Rui Hachimura,PF,24,WAS,25,0,24.3,5.2,10.5,.498,1.0,2.6,.369,4.3,7.9,.540,.544,1.6,2.1,.750,0.7,3.8,4.5,1.2,0.4,0.4,1.3,1.3,13.0
Tyrese Haliburton,PG,22,IND,39,39,33.6,7.3,15.2,.480,3.0,7.5,.402,4.3,7.7,.555,.579,2.8,3.1,.885,0.7,3.3,4.0,10.3,1.8,0.4,2.6,1.1,20.3
Jordan Hall,SF,21,SAS,9,0,9.2,1.0,3.1,.321,0.3,1.7,.200,0.7,1.4,.462,.375,0.8,1.0,.778,0.3,1.0,1.3,1.2,0.1,0.0,0.8,0.7,3.1
R.J. Hampton,PG,21,ORL,25,0,14.4,2.0,4.6,.439,0.7,2.1,.340,1.3,2.4,.525,.518,1.2,1.5,.838,0.4,1.2,1.6,1.4,0.6,0.2,0.8,0.9,6.0
Tim Hardaway Jr.,SG,30,DAL,40,23,28.9,4.6,11.9,.388,2.9,7.9,.366,1.7,4.0,.431,.509,1.9,2.4,.789,0.3,2.9,3.1,1.6,0.9,0.1,0.9,1.6,14.0
James Harden,SG,33,PHI,25,25,37.2,6.6,15.2,.436,2.7,7.2,.376,3.9,8.0,.490,.525,5.8,6.7,.862,0.6,5.8,6.5,11.0,1.4,0.6,3.5,2.0,21.8
Jaden Hardy,SG,20,DAL,15,0,10.5,2.0,5.0,.400,0.5,1.9,.250,1.5,3.1,.489,.447,1.0,1.1,.882,0.0,1.2,1.2,0.5,0.2,0.1,0.5,1.4,5.5
Ron Harper Jr.,SF,22,TOR,2,0,4.0,1.0,2.0,.500,1.0,1.5,.667,0.0,0.5,.000,.750,0.0,0.0,,0.0,0.5,0.5,0.0,0.0,0.0,0.0,0.0,3.0
Montrezl Harrell,C,29,PHI,36,6,12.7,2.3,3.9,.592,0.0,0.1,.000,2.3,3.9,.600,.592,1.4,2.0,.732,1.1,1.6,2.8,0.7,0.3,0.6,0.7,1.5,6.1
Gary Harris,SG,28,ORL,14,8,24.4,3.2,6.8,.474,1.4,3.4,.396,1.9,3.4,.553,.574,1.2,1.4,.895,0.4,1.9,2.3,1.4,0.8,0.2,1.1,2.3,9.0
Joe Harris,SG,31,BRK,33,18,24.5,2.9,6.8,.429,1.7,4.5,.376,1.2,2.3,.533,.554,0.4,0.6,.667,0.4,2.4,2.8,1.5,0.6,0.3,0.5,2.5,7.9
Kevon Harris,SG,25,ORL,26,0,12.6,1.2,2.9,.421,0.4,1.1,.393,0.8,1.8,.438,.493,0.8,1.0,.815,0.8,1.2,2.0,0.5,0.5,0.1,0.6,1.3,3.7
Tobias Harris,PF,30,PHI,37,37,34.2,6.5,13.0,.498,1.9,5.1,.385,4.5,7.9,.570,.573,1.6,1.8,.879,1.1,5.3,6.4,2.6,1.1,0.5,1.3,2.1,16.4
Josh Hart,SG,27,POR,38,38,34.7,3.7,7.1,.515,0.7,1.9,.351,3.0,5.2,.577,.563,1.8,2.4,.756,2.1,6.4,8.4,4.2,1.2,0.2,1.7,2.7,9.8
Isaiah Hartenstein,C,24,NYK,41,7,19.1,2.2,4.5,.486,0.2,0.8,.242,2.0,3.7,.539,.508,0.7,0.9,.757,2.8,3.5,6.3,0.8,0.6,0.7,0.8,2.4,5.3
Udonis Haslem,PF,42,MIA,5,1,7.2,0.2,2.0,.100,0.0,0.2,.000,0.2,1.8,.111,.100,0.2,0.4,.500,0.6,0.6,1.2,0.0,0.2,0.2,0.0,1.4,0.6
Sam Hauser,PF,25,BOS,41,0,15.4,2.1,4.7,.450,1.6,4.0,.411,0.5,0.7,.679,.626,0.2,0.3,.615,0.4,2.0,2.4,0.7,0.3,0.2,0.4,1.1,6.0
Jaxson Hayes,C,22,NOP,21,1,13.3,1.7,3.3,.522,0.1,0.8,.176,1.6,2.5,.635,.543,1.1,1.8,.649,0.9,2.2,3.0,0.9,0.3,0.5,0.6,1.3,4.7
Killian Hayes,PG,21,DET,41,28,26.2,3.9,9.9,.389,1.2,3.5,.333,2.7,6.4,.420,.448,0.8,1.0,.795,0.4,2.5,2.9,5.6,1.2,0.4,1.9,2.9,9.6
Gordon Hayward,SF,32,CHO,21,21,32.7,5.1,12.0,.423,1.1,3.8,.300,4.0,8.2,.480,.470,2.3,3.0,.766,0.9,3.9,4.7,3.9,0.8,0.2,2.1,1.1,13.7
Juancho Hernangómez,PF,27,TOR,28,10,17.1,1.5,3.4,.457,0.5,1.9,.283,1.0,1.5,.683,.537,0.2,0.4,.455,0.8,2.7,3.5,0.6,0.5,0.2,0.5,1.1,3.8
Willy Hernangómez,C,28,NOP,21,0,11.8,2.3,4.4,.516,0.0,0.3,.167,2.2,4.1,.540,.522,2.2,2.8,.797,2.0,2.7,4.7,0.9,0.3,0.3,1.1,1.6,6.9
Tyler Herro,SG,23,MIA,32,32,35.4,7.5,16.8,.445,3.3,8.5,.392,4.2,8.3,.500,.545,2.8,3.1,.918,0.5,5.5,6.0,4.4,1.0,0.3,2.6,1.8,21.2
Buddy Hield,SG,30,IND,41,41,31.9,6.4,14.2,.454,3.9,9.0,.426,2.6,5.1,.502,.589,1.2,1.4,.862,0.9,4.0,4.8,2.7,1.0,0.3,1.8,1.9,18.0
Haywood Highsmith,SF,26,MIA,29,7,19.8,1.8,4.5,.397,0.7,2.2,.328,1.1,2.3,.463,.477,0.2,0.6,.375,1.1,2.7,3.7,0.7,0.9,0.3,0.9,1.5,4.5
George Hill,PG,36,MIL,31,0,19.8,1.7,3.8,.437,0.6,2.1,.308,1.0,1.7,.593,.521,1.0,1.4,.727,0.4,1.7,2.1,2.6,0.5,0.1,0.9,1.2,5.0
Malcolm Hill,SF,27,CHI,3,0,0.3,0.0,0.0,,0.0,0.0,,0.0,0.0,,,0.0,0.0,,0.0,0.3,0.3,0.0,0.0,0.0,0.0,0.0,0.0
Aaron Holiday,PG,26,ATL,36,3,16.3,1.8,4.1,.432,0.7,1.6,.429,1.1,2.6,.435,.514,0.6,0.7,.833,0.4,1.0,1.4,1.5,0.6,0.2,0.6,1.6,4.8
Jrue Holiday,PG,32,MIL,29,27,32.1,6.7,15.0,.446,2.3,6.1,.373,4.4,8.9,.496,.522,2.4,2.7,.886,1.2,3.8,5.0,7.1,1.4,0.4,3.1,1.9,18.1
Justin Holiday,SG,33,ATL,27,0,15.0,1.7,4.5,.377,1.1,3.1,.341,0.6,1.4,.459,.496,0.0,0.0,,0.1,0.8,0.9,0.9,0.2,0.4,0.4,1.3,4.5
Richaun Holmes,PF,29,SAC,25,0,9.2,1.2,2.0,.633,0.1,0.1,.667,1.2,1.8,.630,.653,0.3,0.4,.778,0.7,1.4,2.1,0.1,0.1,0.2,0.4,1.5,2.8
Al Horford,C,36,BOS,32,32,30.4,3.5,7.3,.483,2.0,4.6,.426,1.5,2.6,.583,.619,0.2,0.3,.600,1.1,5.3,6.4,2.6,0.4,1.0,0.6,1.8,9.2
Talen Horton-Tucker,SG,22,UTA,34,1,15.7,2.6,6.5,.392,0.6,2.7,.242,1.9,3.9,.496,.441,1.0,1.4,.739,0.5,1.9,2.4,2.4,0.8,0.3,1.2,1.4,6.8
Danuel House Jr.,SF,29,PHI,31,2,16.8,1.7,3.6,.477,0.7,2.1,.338,1.0,1.5,.674,.577,0.9,1.2,.750,0.2,1.8,2.0,0.8,0.2,0.2,0.5,1.4,5.0
Caleb Houstan,SF,20,ORL,30,2,16.5,1.3,3.5,.381,0.9,2.6,.364,0.4,0.9,.429,.514,0.4,0.4,.846,0.7,1.6,2.3,0.6,0.2,0.1,0.3,1.4,4.0
Trevor Hudgins,PG,23,HOU,1,0,4.0,1.0,1.0,1.000,1.0,1.0,1.000,0.0,0.0,,1.500,0.0,0.0,,0.0,0.0,0.0,0.0,0.0,0.0,0.0,0.0,3.0
Kevin Huerter,SG,24,SAC,38,38,31.3,5.7,11.7,.482,3.0,7.1,.420,2.7,4.7,.576,.609,1.6,2.1,.728,0.6,2.8,3.3,2.9,1.1,0.3,1.6,2.7,15.8
De'Andre Hunter,SF,25,ATL,32,32,31.4,5.6,12.2,.455,1.5,4.2,.353,4.1,8.1,.508,.515,2.8,3.5,.813,0.7,3.6,4.3,1.2,0.5,0.3,1.2,3.0,15.4
Bones Hyland,PG,22,DEN,32,1,20.7,4.6,11.1,.411,2.5,6.2,.406,2.1,4.9,.418,.524,1.8,2.1,.838,0.3,2.0,2.3,3.2,0.6,0.3,1.8,1.7,13.4
Serge Ibaka,PF,33,MIL,16,0,11.6,1.6,3.4,.481,0.4,1.1,.333,1.3,2.3,.556,.537,0.5,0.8,.615,0.9,1.8,2.8,0.3,0.1,0.4,0.7,1.4,4.1
Andre Iguodala,SF,39,GSW,2,0,12.5,0.5,0.5,1.000,0.0,0.0,,0.5,0.5,1.000,1.000,0.0,0.0,,0.5,1.0,1.5,2.0,0.0,0.0,1.5,2.0,1.0
Joe Ingles,SF,35,MIL,10,0,19.6,2.1,6.2,.339,1.7,5.3,.321,0.4,0.9,.444,.476,0.3,0.3,1.000,0.5,1.4,1.9,3.5,0.4,0.1,2.0,1.3,6.2
Brandon Ingram,SF,25,NOP,15,15,32.1,7.3,15.4,.472,1.9,4.0,.467,5.4,11.4,.474,.532,4.4,5.1,.868,0.5,4.6,5.1,4.7,0.9,0.7,2.8,2.2,20.8
Kyrie Irving,PG,30,BRK,30,30,36.5,9.7,19.8,.488,3.1,8.6,.366,6.5,11.2,.582,.567,3.6,3.9,.907,0.9,4.0,4.9,4.7,0.8,0.8,2.2,2.6,26.0
Jaden Ivey,SG,20,DET,40,39,29.7,5.1,12.5,.411,1.4,4.1,.333,3.8,8.4,.448,.465,3.4,4.7,.727,1.1,3.0,4.0,4.1,0.9,0.2,2.8,3.0,15.0
Isaiah Jackson,PF,21,IND,30,3,15.6,2.6,4.6,.565,0.0,0.2,.167,2.6,4.4,.583,.569,1.7,2.5,.684,1.4,2.6,4.0,1.0,0.5,1.2,0.9,2.3,7.0
Jaren Jackson Jr.,C,23,MEM,24,24,26.3,6.0,11.6,.513,1.5,4.2,.366,4.4,7.4,.596,.579,3.2,4.3,.755,2.0,4.5,6.4,0.9,1.0,3.3,1.6,3.0,16.7
Justin Jackson,SF,27,BOS,17,0,4.5,0.3,1.2,.250,0.2,0.8,.286,0.1,0.4,.167,.350,0.1,0.1,.500,0.1,0.4,0.5,0.5,0.2,0.2,0.1,0.3,0.9
Reggie Jackson,PG,32,LAC,39,38,27.6,4.2,10.3,.413,1.5,4.3,.341,2.8,6.0,.464,.484,1.4,1.5,.915,0.5,2.0,2.4,3.7,0.6,0.1,2.0,1.9,11.3
LeBron James,PF,38,LAL,31,31,35.9,11.4,22.3,.510,2.0,6.7,.295,9.4,15.6,.602,.554,4.4,5.8,.756,1.2,7.0,8.2,6.7,1.0,0.5,3.3,1.7,29.1
Ty Jerome,SG,25,GSW,25,1,17.7,2.7,5.4,.496,0.8,2.2,.382,1.8,3.2,.575,.574,1.0,1.0,.962,0.1,1.5,1.6,2.3,0.3,0.1,0.7,1.4,7.2
Isaiah Joe,SG,23,OKC,34,1,13.5,2.3,4.9,.461,1.7,3.9,.435,0.6,1.1,.556,.632,0.8,1.0,.800,0.3,1.7,2.0,1.1,0.6,0.1,0.4,1.5,7.0
Alize Johnson,PF,26,SAS,4,0,7.5,0.8,1.5,.500,0.0,0.5,.000,0.8,1.0,.750,.500,0.3,0.5,.500,0.5,2.0,2.5,0.3,0.3,0.0,1.0,0.8,1.8
Cameron Johnson,PF,26,PHO,8,8,25.3,4.6,10.4,.446,2.8,6.4,.431,1.9,4.0,.469,.578,1.0,1.4,.727,0.6,2.8,3.4,1.8,1.1,0.4,0.3,1.8,13.0
Jalen Johnson,SF,21,ATL,38,6,15.1,2.0,4.4,.464,0.4,1.6,.246,1.6,2.8,.590,.509,0.7,1.1,.700,0.7,2.9,3.6,1.0,0.5,0.5,0.5,1.6,5.2
James Johnson,PF,35,IND,9,0,7.9,0.8,2.1,.368,0.1,0.8,.143,0.7,1.3,.500,.395,0.0,0.0,,0.0,0.9,0.9,0.6,0.1,0.3,0.2,1.9,1.7
Keldon Johnson,SF,23,SAS,35,35,32.0,7.5,17.5,.426,2.5,7.1,.348,5.0,10.3,.481,.498,3.8,5.0,.756,0.8,4.0,4.8,2.7,0.7,0.2,2.2,2.0,21.2
Keon Johnson,SG,20,POR,20,0,12.2,2.0,5.3,.368,0.9,2.6,.333,1.1,2.8,.400,.448,0.3,0.7,.385,0.4,1.4,1.7,1.1,0.6,0.2,1.3,1.3,5.0
Stanley Johnson,SF,26,SAS,14,0,13.9,2.4,4.0,.589,0.9,1.7,.500,1.5,2.3,.656,.696,0.9,1.3,.667,0.4,2.3,2.6,2.1,0.4,0.3,0.9,1.9,6.4
Nikola Jokić,C,27,DEN,37,37,33.5,9.4,15.2,.616,0.9,2.4,.375,8.5,12.8,.661,.646,5.4,6.5,.818,2.0,8.8,10.8,9.7,1.4,0.6,3.4,2.8,25.0
Damian Jones,C,27,LAL,19,1,8.9,1.1,1.9,.556,0.0,0.2,.000,1.1,1.7,.606,.556,0.8,1.1,.750,0.9,1.9,2.8,0.2,0.2,0.6,0.4,0.8,2.9
Derrick Jones Jr.,SF,25,CHI,30,0,14.2,2.0,3.8,.531,0.4,1.2,.343,1.6,2.6,.615,.584,1.2,1.5,.783,0.9,1.6,2.4,0.6,0.5,0.6,0.5,1.4,5.6
Herbert Jones,SF,24,NOP,29,29,28.0,3.4,7.9,.426,0.8,2.8,.296,2.6,5.1,.497,.478,2.4,3.1,.775,1.2,2.5,3.7,2.1,1.5,0.7,1.2,3.3,10.0
Kai Jones,C,22,CHO,24,0,9.4,1.2,2.3,.500,0.1,0.5,.273,1.0,1.9,.556,.527,0.3,0.5,.727,0.8,1.3,2.1,0.2,0.2,0.5,0.4,1.3,2.8
Tre Jones,PG,23,SAS,40,40,29.9,5.1,11.6,.443,0.7,2.7,.274,4.4,8.9,.493,.474,2.4,2.7,.887,0.8,2.9,3.7,6.4,1.4,0.2,2.0,1.6,13.3
Tyus Jones,PG,26,MEM,40,7,23.9,4.1,9.0,.449,1.6,4.1,.389,2.5,5.0,.497,.536,1.1,1.5,.776,0.4,1.9,2.3,4.8,1.0,0.1,1.0,0.4,10.8
DeAndre Jordan,C,34,DEN,28,3,14.0,2.0,2.6,.757,0.0,0.0,1.000,2.0,2.6,.753,.764,0.6,1.3,.472,1.3,3.8,5.1,0.8,0.2,0.7,1.0,1.7,4.6
Cory Joseph,PG,31,DET,35,2,15.6,1.7,4.2,.392,0.6,1.8,.313,1.1,2.4,.452,.459,0.7,1.0,.765,0.3,1.0,1.3,3.1,0.4,0.1,0.7,1.5,4.6
Nikola Jović,PF,19,MIA,15,8,13.6,1.9,4.6,.406,0.5,2.3,.229,1.3,2.3,.588,.464,1.2,1.3,.947,0.6,1.5,2.1,0.7,0.5,0.1,0.7,1.3,5.5
Mfiondu Kabengele,PF,25,BOS,1,0,8.0,1.0,2.0,.500,0.0,1.0,.000,1.0,1.0,1.000,.500,0.0,0.0,,3.0,1.0,4.0,0.0,0.0,0.0,0.0,1.0,2.0
Frank Kaminsky,C,29,ATL,20,0,7.3,0.9,1.6,.563,0.4,0.9,.444,0.5,0.7,.714,.688,0.5,0.6,.833,0.2,1.5,1.6,0.9,0.1,0.0,0.3,0.9,2.7
Trevor Keels,SG,19,NYK,1,0,1.0,0.0,1.0,.000,0.0,1.0,.000,0.0,0.0,,.000,0.0,0.0,,0.0,1.0,1.0,0.0,0.0,0.0,0.0,0.0,0.0
Luke Kennard,SG,26,LAC,29,8,22.1,3.1,6.3,.489,1.9,4.0,.462,1.2,2.3,.537,.636,0.7,0.7,.950,0.2,2.3,2.5,1.2,0.6,0.1,0.9,1.4,8.7
Walker Kessler,C,21,UTA,41,7,19.0,3.0,4.2,.703,0.0,0.0,,3.0,4.2,.703,.703,1.0,1.7,.557,2.5,4.2,6.7,0.7,0.3,1.9,0.7,2.3,6.9
Braxton Key,SF,25,DET,3,0,3.0,0.3,0.3,1.000,0.0,0.0,,0.3,0.3,1.000,1.000,0.7,0.7,1.000,0.0,0.3,0.3,0.0,0.0,0.0,0.0,0.0,1.3
Corey Kispert,SF,23,WAS,33,21,28.1,3.4,7.1,.477,1.8,4.4,.414,1.6,2.7,.578,.604,1.1,1.3,.818,0.5,2.3,2.8,1.4,0.6,0.1,0.7,1.4,9.7
Maxi Kleber,C,31,DAL,22,0,25.6,2.3,4.7,.490,1.1,3.0,.369,1.2,1.8,.692,.606,0.5,0.6,.786,0.9,2.7,3.5,1.0,0.3,1.0,0.6,2.2,6.2
Nathan Knight,PF,25,MIN,19,0,5.7,0.9,1.3,.680,0.1,0.3,.400,0.8,1.1,.750,.720,0.7,1.1,.667,0.5,0.8,1.3,0.3,0.2,0.1,0.5,0.7,2.6
Kevin Knox,SF,23,DET,34,1,14.6,2.0,4.5,.447,1.0,2.9,.357,1.0,1.6,.611,.563,0.7,0.9,.793,0.4,2.0,2.4,0.4,0.4,0.3,0.7,1.8,5.7
Christian Koloko,C,22,TOR,38,19,16.1,1.5,3.0,.496,0.0,0.2,.125,1.5,2.8,.523,.500,0.9,1.3,.667,1.7,1.7,3.5,0.5,0.3,1.2,0.5,2.7,3.9
John Konchar,SG,26,MEM,38,22,24.9,2.7,5.8,.455,1.2,3.3,.373,1.4,2.5,.563,.561,0.5,0.6,.870,1.0,4.3,5.3,1.6,1.1,0.3,0.6,1.5,7.1
Furkan Korkmaz,SG,25,PHI,22,0,11.3,1.3,3.4,.392,0.5,1.6,.343,0.8,1.8,.436,.473,0.9,1.3,.655,0.2,1.0,1.3,0.8,0.3,0.1,0.7,0.5,4.0
Luke Kornet,C,27,BOS,34,0,11.6,1.6,2.3,.684,0.1,0.2,.333,1.5,2.1,.712,.696,0.4,0.5,.833,1.2,1.8,3.1,0.7,0.2,0.7,0.4,1.3,3.7
Vit Krejci,PG,22,ATL,17,0,6.3,0.6,1.5,.385,0.3,1.0,.294,0.3,0.5,.556,.481,0.1,0.1,.500,0.1,0.5,0.6,0.6,0.1,0.1,0.2,0.6,1.5
Jonathan Kuminga,PF,20,GSW,33,4,18.6,2.8,6.0,.472,0.5,1.9,.258,2.4,4.2,.569,.513,1.4,2.0,.672,1.0,2.2,3.2,1.7,0.5,0.5,1.5,2.3,7.5
Kyle Kuzma,PF,27,WAS,40,40,35.0,8.2,17.7,.461,2.5,7.3,.338,5.7,10.4,.547,.530,2.6,3.6,.713,1.0,6.5,7.5,3.8,0.5,0.4,3.0,2.5,21.3
Anthony Lamb,SF,25,GSW,33,3,19.6,2.6,5.3,.494,1.4,3.5,.391,1.2,1.8,.695,.624,0.7,0.9,.759,0.8,2.5,3.3,1.7,0.7,0.2,1.1,2.2,7.2
Jock Landale,C,27,PHO,35,2,14.5,2.4,4.7,.515,0.3,1.4,.229,2.1,3.3,.632,.548,1.5,1.8,.823,1.6,2.3,3.9,0.8,0.3,0.6,0.9,1.8,6.6
Romeo Langford,SG,23,SAS,26,13,20.2,3.2,6.3,.497,0.3,1.4,.250,2.8,5.0,.566,.524,0.8,1.1,.714,1.5,1.3,2.8,1.1,0.6,0.3,0.7,1.7,7.4
Jake LaRavia,PF,21,MEM,23,0,14.4,1.3,3.2,.411,0.8,2.2,.373,0.5,1.0,.500,.541,0.3,0.3,.857,0.7,1.7,2.3,0.8,0.4,0.1,0.7,1.7,3.7
Zach LaVine,SG,27,CHI,37,37,35.4,8.4,17.9,.467,3.1,7.8,.401,5.2,10.1,.517,.554,3.6,4.3,.843,0.6,3.8,4.4,4.3,1.0,0.2,2.5,2.3,23.4
A.J. Lawson,SG,22,TOT,6,0,1.7,0.2,0.7,.250,0.0,0.5,.000,0.2,0.2,1.000,.250,0.0,0.0,,0.0,0.3,0.3,0.0,0.0,0.0,0.0,0.2,0.3
Damion Lee,SG,30,PHO,42,2,22.0,2.7,5.9,.462,1.8,3.7,.477,1.0,2.2,.436,.610,1.3,1.4,.949,0.6,2.9,3.5,1.3,0.4,0.1,1.0,1.6,8.6
Saben Lee,PG,23,PHI,2,0,5.0,1.5,2.0,.750,0.0,0.5,.000,1.5,1.5,1.000,.750,0.0,0.0,,0.0,0.0,0.0,1.0,0.5,0.0,1.5,0.5,3.0
Alex Len,C,29,SAC,10,1,4.0,0.5,1.0,.500,0.0,0.1,.000,0.5,0.9,.556,.500,0.3,0.4,.750,0.3,1.0,1.3,0.3,0.0,0.0,0.3,0.7,1.3
Kawhi Leonard,SF,31,LAC,19,17,29.3,6.6,13.8,.477,1.2,3.8,.301,5.4,9.9,.545,.519,3.8,4.6,.830,1.1,5.1,6.1,3.8,1.1,0.3,1.5,1.4,18.2
Caris LeVert,SG,28,CLE,38,20,31.2,4.6,11.0,.414,1.6,4.3,.364,3.0,6.7,.447,.486,1.9,2.7,.733,0.7,3.4,4.2,3.7,0.8,0.2,1.6,2.4,12.6
Kira Lewis Jr.,PG,21,NOP,4,0,9.5,2.0,4.3,.471,0.3,1.0,.250,1.8,3.3,.538,.500,1.5,1.5,1.000,0.3,1.3,1.5,0.3,0.3,0.0,0.8,1.3,5.8
Damian Lillard,PG,32,POR,28,28,35.7,8.5,19.5,.436,3.9,10.8,.358,4.6,8.7,.533,.535,6.6,7.5,.880,0.6,3.3,4.0,7.1,0.9,0.4,3.4,1.9,27.4
Nassir Little,PF,22,POR,21,0,15.3,2.0,4.3,.473,0.8,2.0,.372,1.3,2.3,.563,.560,0.7,1.0,.667,0.3,2.0,2.4,0.9,0.4,0.1,0.7,0.8,5.5
Isaiah Livers,PF,24,DET,22,7,19.5,1.9,4.7,.404,1.3,3.7,.358,0.6,1.0,.565,.543,0.7,0.9,.750,0.5,1.8,2.3,0.6,0.4,0.5,0.6,1.9,5.8
Kenneth Lofton Jr.,PF,20,MEM,6,0,4.0,1.2,2.5,.467,0.0,0.3,.000,1.2,2.2,.538,.467,0.2,0.5,.333,0.2,0.5,0.7,0.7,0.0,0.0,0.2,0.5,2.5
Kevon Looney,C,26,GSW,41,41,23.3,2.7,4.3,.624,0.0,0.0,,2.7,4.3,.624,.624,1.1,1.8,.635,3.0,5.5,8.4,2.8,0.4,0.6,0.4,2.8,6.6
Brook Lopez,C,34,MIL,39,39,30.3,5.5,10.9,.505,1.9,5.0,.381,3.6,5.9,.608,.592,1.6,2.1,.788,2.1,4.4,6.5,1.2,0.5,2.6,1.4,2.4,14.5
Robin Lopez,C,34,CLE,25,1,8.6,1.3,2.0,.640,0.0,0.0,1.000,1.2,2.0,.633,.650,0.4,0.6,.714,0.8,0.7,1.5,0.4,0.0,0.1,0.7,1.1,3.0
Kevin Love,PF,34,CLE,34,3,20.9,3.0,7.4,.402,1.8,5.1,.358,1.1,2.3,.500,.526,1.5,1.7,.877,1.0,6.2,7.2,2.0,0.2,0.2,1.2,1.8,9.2
Kyle Lowry,PG,36,MIA,36,36,35.0,4.1,10.4,.398,2.2,6.5,.336,1.9,3.9,.504,.504,2.6,3.0,.862,0.8,3.7,4.4,5.6,1.1,0.5,2.1,2.9,13.1
Trey Lyles,PF,27,SAC,33,0,14.5,2.1,5.0,.427,1.1,3.1,.350,1.0,1.8,.557,.537,0.9,1.2,.744,1.1,2.5,3.5,0.8,0.3,0.4,0.9,1.2,6.2
Théo Maledon,PG,21,CHO,35,1,16.1,1.8,4.3,.408,0.6,1.8,.323,1.2,2.6,.467,.474,1.4,1.6,.875,0.3,2.1,2.4,2.5,0.8,0.2,1.0,1.0,5.5
Sandro Mamukelashvili,C,23,MIL,17,0,8.5,0.7,2.3,.308,0.3,1.2,.238,0.4,1.1,.389,.372,0.4,0.7,.583,0.6,1.6,2.3,0.8,0.1,0.2,0.3,0.7,2.1
Terance Mann,SG,26,LAC,42,17,21.7,3.2,6.3,.511,0.7,2.1,.348,2.5,4.2,.594,.570,1.1,1.4,.767,1.1,2.6,3.7,1.8,0.6,0.3,1.0,1.8,8.3
Tre Mann,PG,21,OKC,36,4,20.2,3.4,8.7,.391,1.4,4.7,.302,2.0,4.0,.497,.473,0.5,0.7,.680,0.5,2.0,2.5,1.8,0.8,0.2,1.0,1.5,8.7
Boban Marjanović,C,34,HOU,13,0,4.2,1.1,1.5,.737,0.0,0.1,.000,1.1,1.4,.778,.737,0.8,0.9,.833,0.5,0.8,1.3,0.2,0.1,0.1,0.2,0.2,2.9
Lauri Markkanen,SF,25,UTA,41,41,34.2,8.4,16.1,.524,2.9,7.1,.411,5.5,9.0,.613,.615,4.8,5.5,.875,1.9,6.7,8.5,1.9,0.6,0.6,1.8,2.1,24.5
Naji Marshall,SF,25,NOP,39,13,24.1,3.4,7.9,.433,1.1,3.3,.331,2.3,4.5,.508,.503,2.1,2.6,.786,0.8,2.8,3.6,2.4,0.8,0.2,1.2,1.5,10.0
Caleb Martin,PF,27,MIA,34,34,31.4,4.0,8.6,.459,1.4,3.7,.389,2.5,4.9,.512,.543,1.0,1.3,.773,1.5,3.3,4.8,1.9,1.0,0.4,1.1,1.9,10.4
Cody Martin,SF,27,CHO,5,0,18.2,1.6,5.4,.296,0.4,2.4,.167,1.2,3.0,.400,.333,0.0,0.4,.000,0.8,2.6,3.4,1.6,0.6,0.2,0.2,1.0,3.6
Kenyon Martin Jr.,SF,22,HOU,40,8,23.9,4.1,7.5,.552,0.9,2.7,.318,3.3,4.8,.682,.609,1.4,2.1,.647,1.4,3.5,4.8,1.4,0.5,0.3,1.1,1.6,10.5
Tyrese Martin,SG,23,ATL,11,0,3.8,0.5,1.5,.375,0.1,0.5,.200,0.5,1.0,.455,.406,0.2,0.2,1.000,0.2,0.4,0.5,0.0,0.1,0.0,0.1,0.2,1.4
Garrison Mathews,SG,26,HOU,33,0,12.6,1.2,3.4,.345,1.1,3.2,.340,0.1,0.2,.429,.504,0.9,1.0,.939,0.2,1.0,1.2,0.5,0.5,0.1,0.3,1.2,4.4
Bennedict Mathurin,SG,20,IND,41,2,28.0,5.3,12.8,.418,1.6,4.7,.333,3.8,8.1,.467,.479,4.9,5.9,.819,1.0,2.8,3.9,1.4,0.6,0.1,1.8,2.0,17.1
Wesley Matthews,SG,36,MIL,26,0,14.8,0.9,2.9,.320,0.7,2.3,.311,0.2,0.5,.357,.447,0.3,0.4,.900,0.7,0.9,1.6,0.6,0.5,0.2,0.4,1.5,2.9
Tyrese Maxey,SG,22,PHI,21,19,34.3,7.8,17.0,.457,2.6,6.4,.403,5.2,10.6,.489,.532,3.1,4.1,.767,0.3,2.7,3.0,4.0,0.9,0.2,1.8,2.2,21.2
Miles McBride,PG,22,NYK,29,2,14.4,1.4,3.9,.360,0.7,2.6,.280,0.7,1.3,.513,.452,0.4,0.7,.684,0.2,0.6,0.8,1.2,0.6,0.0,0.5,0.9,4.0
CJ McCollum,SG,31,NOP,36,36,35.1,7.8,18.2,.428,2.9,7.3,.402,4.9,10.9,.446,.509,2.3,2.8,.810,0.9,3.9,4.8,5.8,1.0,0.6,2.6,1.8,20.8
T.J. McConnell,PG,30,IND,38,0,17.0,2.3,5.1,.461,0.2,0.5,.300,2.2,4.6,.480,.477,0.6,0.7,.885,0.5,1.7,2.2,4.2,1.0,0.1,1.5,1.2,5.4
Jaden McDaniels,PF,22,MIN,38,38,30.6,4.6,8.6,.529,1.2,3.1,.379,3.4,5.6,.611,.596,1.3,1.7,.742,1.3,2.4,3.8,1.8,1.1,1.1,1.5,3.5,11.6
Jalen McDaniels,SF,25,CHO,42,14,26.5,4.0,8.6,.457,1.2,3.5,.345,2.7,5.1,.535,.528,1.8,2.1,.862,0.8,4.1,4.9,2.1,1.1,0.6,1.4,2.9,10.9
Doug McDermott,SF,31,SAS,36,0,20.4,3.8,8.0,.476,1.9,4.6,.415,1.9,3.4,.556,.594,0.8,1.1,.737,0.3,2.0,2.4,1.4,0.1,0.2,0.9,1.8,10.3
JaVale McGee,C,35,DAL,27,7,8.0,1.7,2.8,.618,0.0,0.1,.250,1.7,2.7,.639,.625,0.5,0.9,.542,0.6,1.8,2.4,0.3,0.1,0.6,0.8,1.2,4.0
Bryce McGowens,SG,20,CHO,15,0,12.9,1.3,3.2,.396,0.4,1.1,.375,0.9,2.1,.406,.458,0.8,0.9,.857,0.2,1.0,1.2,0.9,0.3,0.3,0.5,0.5,3.7
Rodney McGruder,SG,31,DET,17,2,10.8,1.1,2.9,.380,0.9,2.2,.405,0.2,0.8,.308,.530,0.5,0.6,.727,0.6,0.9,1.5,0.6,0.3,0.0,0.4,0.9,3.6
Jordan McLaughlin,PG,26,MIN,18,0,15.9,1.6,3.7,.424,0.4,1.9,.235,1.1,1.8,.625,.485,0.5,0.5,1.000,0.4,1.3,1.7,3.6,0.8,0.1,0.8,0.4,4.1
De'Anthony Melton,PG,24,PHI,37,29,29.8,4.3,10.2,.424,2.4,6.2,.395,1.9,4.0,.470,.544,0.6,0.8,.710,1.1,3.6,4.7,2.9,1.9,0.5,1.6,2.4,11.7
Chimezie Metu,C,25,SAC,27,0,10.9,2.1,3.6,.598,0.2,0.8,.238,2.0,2.8,.697,.624,0.6,0.8,.810,0.7,2.5,3.2,0.7,0.3,0.2,0.7,1.1,5.1
Khris Middleton,SF,31,MIL,7,7,24.4,3.6,11.0,.325,1.6,5.9,.268,2.0,5.1,.389,.396,2.4,2.7,.895,0.1,2.4,2.6,4.4,0.6,0.1,1.6,2.6,11.1
Patty Mills,PG,34,BRK,25,1,12.2,2.0,4.2,.471,1.2,2.9,.417,0.8,1.3,.594,.615,0.6,0.6,.933,0.2,0.8,1.0,1.3,0.3,0.0,0.6,0.5,5.7
Shake Milton,SG,26,PHI,36,9,24.0,4.0,7.9,.512,0.8,2.3,.366,3.2,5.6,.572,.565,1.5,1.8,.833,0.5,2.4,3.0,3.5,0.4,0.2,1.5,1.8,10.4
Josh Minott,SF,20,MIN,7,0,2.3,0.4,0.7,.600,0.0,0.1,.000,0.4,0.6,.750,.600,0.6,0.6,1.000,0.3,0.4,0.7,0.3,0.1,0.3,0.0,0.3,1.4
Davion Mitchell,PG,24,SAC,38,3,19.4,2.5,5.4,.461,0.8,2.4,.326,1.7,3.0,.570,.534,0.3,0.4,.706,0.2,1.3,1.6,2.3,0.6,0.2,1.0,1.6,6.1
Donovan Mitchell,SG,26,CLE,37,37,36.5,10.0,20.5,.489,3.9,9.6,.404,6.2,10.9,.564,.584,5.4,6.1,.881,0.9,3.0,3.9,4.8,1.5,0.4,3.0,2.6,29.3
Evan Mobley,PF,21,CLE,40,40,34.1,5.8,10.5,.551,0.2,1.1,.209,5.6,9.4,.590,.562,2.4,3.6,.676,2.4,6.5,8.8,2.8,0.8,1.3,2.0,2.8,14.2
Isaiah Mobley,PF,23,CLE,8,0,3.3,0.5,1.0,.500,0.1,0.3,.500,0.4,0.8,.500,.563,0.0,0.0,,0.1,1.3,1.4,0.0,0.1,0.0,0.0,0.3,1.1
Chima Moneke,SF,27,SAC,2,0,4.0,0.5,1.0,.500,0.0,0.0,,0.5,1.0,.500,.500,0.0,1.0,.000,1.0,0.0,1.0,0.5,0.0,0.0,1.0,1.0,1.0
Malik Monk,SG,24,SAC,38,0,23.1,4.9,11.2,.443,1.8,5.6,.318,3.2,5.6,.568,.522,2.4,2.7,.911,0.4,2.0,2.4,3.9,0.6,0.2,2.0,1.6,14.1
Moses Moody,SG,20,GSW,35,3,15.2,1.8,4.1,.448,0.9,2.5,.364,0.9,1.6,.582,.559,0.7,0.9,.727,0.4,1.3,1.7,0.9,0.3,0.1,0.7,1.0,5.3
Wendell Moore Jr.,SG,21,MIN,17,2,5.8,0.8,1.7,.448,0.1,0.7,.167,0.6,1.0,.647,.483,0.2,0.3,.800,0.1,0.6,0.8,0.5,0.3,0.2,0.4,0.6,1.9
Ja Morant,PG,23,MEM,33,33,32.4,9.7,20.8,.464,1.6,5.3,.310,8.0,15.5,.517,.504,6.3,8.4,.750,1.1,4.8,5.9,8.0,1.1,0.2,3.6,1.8,27.2
Marcus Morris,PF,33,LAC,40,40,29.5,4.9,11.2,.439,2.1,5.6,.381,2.8,5.6,.498,.535,1.3,1.6,.800,0.5,4.3,4.8,1.7,0.7,0.5,1.0,2.3,13.2
Markieff Morris,PF,33,BRK,19,1,11.4,1.4,3.2,.443,1.0,2.1,.487,0.4,1.2,.364,.598,0.3,0.3,1.000,0.5,1.8,2.3,1.0,0.3,0.2,0.6,1.2,4.2
Monte Morris,PG,27,WAS,36,36,28.5,3.8,8.2,.463,1.3,3.3,.375,2.6,4.9,.523,.539,1.0,1.3,.766,0.4,3.0,3.4,5.4,0.8,0.2,1.0,1.4,9.9
Trey Murphy III,SF,22,NOP,38,28,28.3,4.2,8.8,.474,2.2,5.5,.404,1.9,3.3,.592,.601,1.8,2.0,.921,0.9,3.0,3.9,1.3,0.9,0.5,0.8,2.1,12.4
Dejounte Murray,SG,26,ATL,35,35,36.4,8.1,18.1,.447,1.9,5.5,.344,6.2,12.7,.492,.499,2.3,2.7,.840,0.7,4.7,5.4,6.1,1.7,0.3,2.4,1.5,20.4
Jamal Murray,PG,25,DEN,33,33,31.8,6.8,15.2,.448,2.1,5.5,.381,4.7,9.7,.486,.517,2.8,3.5,.800,0.7,3.3,3.9,5.3,0.9,0.2,2.0,1.4,18.5
Keegan Murray,SF,22,SAC,37,35,28.7,4.2,9.7,.437,2.4,5.7,.410,1.9,4.0,.476,.558,0.9,1.2,.767,0.9,2.8,3.7,0.9,0.9,0.6,1.0,2.1,11.7
Mike Muscala,C,31,OKC,31,2,14.2,1.9,4.4,.431,1.1,3.0,.376,0.8,1.4,.545,.558,0.8,1.0,.800,0.5,2.6,3.1,0.9,0.3,0.6,0.3,1.7,5.7
Svi Mykhailiuk,SF,25,NYK,12,0,3.3,0.5,1.0,.500,0.5,0.8,.600,0.0,0.2,.000,.750,0.3,0.4,.600,0.0,0.6,0.6,0.1,0.1,0.0,0.2,0.1,1.8
Larry Nance Jr.,PF,30,NOP,31,0,22.8,3.5,5.7,.621,0.3,0.8,.385,3.2,4.9,.662,.650,0.8,1.1,.727,1.7,4.0,5.7,1.8,1.0,0.8,0.9,2.3,8.2
Andrew Nembhard,SG,23,IND,36,27,27.1,3.3,7.0,.476,1.3,3.3,.400,2.0,3.7,.545,.571,0.4,0.5,.889,0.5,2.6,3.1,3.7,1.0,0.2,1.6,2.8,8.4
Aaron Nesmith,SF,23,IND,36,24,23.3,3.4,7.7,.438,1.4,4.0,.361,1.9,3.7,.523,.533,1.5,1.7,.887,0.8,3.0,3.8,1.3,0.8,0.5,0.9,3.3,9.7
Raul Neto,PG,30,CLE,28,0,10.5,1.2,2.3,.524,0.3,1.0,.333,0.9,1.3,.667,.595,0.5,0.6,.875,0.2,0.7,0.9,1.4,0.4,0.0,0.3,0.9,3.2
Georges Niang,PF,29,PHI,38,0,20.1,3.2,7.2,.449,2.3,5.6,.418,0.9,1.6,.557,.611,0.6,0.7,.920,0.2,2.1,2.4,1.1,0.4,0.2,0.8,2.1,9.4
Daishen Nix,PG,20,HOU,32,0,14.1,1.2,3.3,.356,0.7,2.2,.329,0.4,1.1,.412,.466,0.5,0.7,.696,0.3,1.3,1.6,2.5,0.7,0.1,1.4,0.9,3.5
Zeke Nnaji,PF,22,DEN,30,2,11.0,1.7,2.9,.593,0.1,0.6,.158,1.6,2.2,.716,.610,0.6,0.8,.783,1.0,0.7,1.7,0.2,0.2,0.3,0.5,1.8,4.1
Nerlens Noel,C,28,DET,10,1,10.2,0.9,2.2,.409,0.1,0.2,.500,0.8,2.0,.400,.432,0.4,0.6,.667,0.5,2.3,2.8,0.4,0.9,0.5,0.5,1.6,2.3
Jaylen Nowell,SG,23,MIN,41,1,20.2,4.5,10.4,.435,1.1,4.0,.290,3.4,6.5,.523,.489,1.2,1.5,.787,0.7,2.1,2.8,2.2,0.7,0.1,1.0,1.7,11.4
Frank Ntilikina,PG,24,DAL,23,1,12.8,1.0,2.8,.338,0.3,1.7,.211,0.6,1.2,.519,.400,0.4,0.7,.667,0.1,1.4,1.5,1.1,0.3,0.1,0.7,1.5,2.7
Kendrick Nunn,PG,27,LAL,33,2,12.5,2.4,6.1,.386,0.9,2.9,.313,1.5,3.2,.453,.460,0.5,0.5,.882,0.1,1.0,1.2,0.8,0.3,0.0,0.9,0.8,6.1
Jusuf Nurkić,C,28,POR,35,35,28.7,5.4,10.2,.528,0.8,2.0,.400,4.6,8.2,.559,.567,2.9,4.3,.675,2.6,7.5,10.1,2.9,0.9,1.0,2.6,3.7,14.5
Jordan Nwora,SF,24,MIL,29,3,16.0,2.0,5.2,.375,1.0,2.7,.377,1.0,2.6,.373,.470,1.0,1.2,.857,0.7,2.3,3.0,1.0,0.3,0.1,1.0,0.8,6.0
Royce O'Neale,SF,29,BRK,37,37,35.1,3.3,8.2,.401,2.3,5.6,.411,1.0,2.6,.381,.541,0.5,0.7,.654,0.7,4.2,4.9,4.2,0.9,0.8,1.7,3.2,9.4
Chuma Okeke,PF,24,ORL,18,7,21.8,1.8,4.8,.368,1.0,3.3,.300,0.8,1.5,.519,.471,0.9,1.2,.762,1.2,3.1,4.2,1.4,0.6,0.5,0.5,1.9,5.4
Josh Okogie,SG,24,PHO,36,1,11.8,1.4,3.5,.405,0.4,1.5,.241,1.1,2.0,.528,.456,1.1,1.6,.719,1.3,1.5,2.8,1.0,0.6,0.4,0.7,1.4,4.3
Onyeka Okongwu,C,22,ATL,39,12,23.9,3.7,6.1,.619,0.0,0.1,.000,3.7,6.0,.627,.619,1.6,2.2,.736,2.7,4.5,7.2,0.9,0.6,1.1,1.0,3.2,9.1
Isaac Okoro,SG,22,CLE,42,12,18.9,1.8,4.2,.438,0.5,1.9,.284,1.3,2.3,.568,.503,1.0,1.3,.774,0.6,1.8,2.4,0.8,0.6,0.4,0.5,2.0,5.2
KZ Okpala,PF,23,SAC,27,3,7.9,0.6,1.2,.469,0.2,0.6,.375,0.3,0.6,.563,.563,0.2,0.2,1.000,0.3,0.9,1.1,0.5,0.2,0.3,0.2,1.3,1.6
Victor Oladipo,SG,30,MIA,16,1,27.8,3.8,9.3,.409,1.6,5.0,.325,2.2,4.3,.507,.497,2.2,2.8,.778,0.4,2.6,3.1,3.3,1.8,0.3,1.7,2.8,11.4
Kelly Olynyk,PF,31,UTA,39,39,28.5,4.0,8.0,.503,1.5,3.5,.413,2.6,4.5,.575,.595,2.6,3.2,.831,1.1,3.8,5.0,3.3,1.1,0.6,2.3,4.0,12.2
Eugene Omoruyi,SF,25,OKC,20,2,12.4,2.1,4.3,.482,0.4,1.5,.276,1.7,2.8,.589,.529,0.7,1.1,.619,1.0,1.4,2.3,0.6,0.7,0.0,0.7,2.1,5.2
Cedi Osman,SF,27,CLE,40,0,23.1,3.6,7.7,.464,1.5,4.2,.343,2.1,3.4,.613,.559,1.1,1.6,.646,0.3,2.2,2.5,1.6,0.5,0.1,0.9,1.9,9.6
Kelly Oubre Jr.,SF,27,CHO,35,30,32.6,7.5,17.8,.421,2.3,7.4,.308,5.2,10.4,.503,.486,2.9,4.0,.714,1.5,3.6,5.1,1.2,1.6,0.4,1.3,3.0,20.2
Chris Paul,PG,37,PHO,26,26,31.1,4.4,10.3,.425,1.7,4.2,.398,2.7,6.2,.444,.506,2.7,3.3,.802,0.5,3.7,4.2,8.3,1.5,0.3,2.0,2.4,13.1
Cameron Payne,PG,28,PHO,28,14,24.0,4.5,11.0,.412,1.7,4.5,.378,2.8,6.5,.436,.490,1.4,1.8,.776,0.3,2.0,2.3,5.3,0.9,0.2,2.0,2.0,12.1
Gary Payton II,PG,30,POR,2,0,14.5,2.0,2.5,.800,0.5,0.5,1.000,1.5,2.0,.750,.900,0.0,0.0,,0.0,2.0,2.0,2.5,1.5,0.0,2.0,2.0,4.5
Theo Pinson,SG,27,DAL,21,0,4.4,0.3,1.1,.292,0.2,0.8,.313,0.1,0.4,.250,.396,0.4,0.4,.889,0.0,1.0,1.0,0.2,0.1,0.0,0.1,0.2,1.3
Scotty Pippen Jr.,PG,22,LAL,5,0,5.2,0.6,2.0,.300,0.2,0.6,.333,0.4,1.4,.286,.350,0.8,1.4,.571,0.4,0.4,0.8,0.2,0.4,0.2,0.4,0.6,2.2
Mason Plumlee,C,32,CHO,42,42,27.9,4.3,6.6,.655,0.0,0.0,,4.3,6.6,.655,.655,2.5,4.2,.599,3.3,6.2,9.5,3.7,0.6,0.7,1.6,3.1,11.2
Jakob Poeltl,C,27,SAS,32,32,26.4,5.2,8.0,.642,0.0,0.0,,5.2,8.0,.642,.642,1.6,2.8,.573,3.4,6.0,9.4,3.0,0.9,1.1,2.1,2.5,11.9
Aleksej Pokusevski,PF,21,OKC,31,25,21.8,3.5,7.8,.440,1.2,3.3,.376,2.2,4.6,.486,.519,0.7,1.1,.636,1.5,3.6,5.1,2.0,0.6,1.3,1.3,1.8,8.8
Jordan Poole,SG,23,GSW,41,21,30.1,7.0,16.4,.428,2.5,8.1,.310,4.5,8.3,.543,.504,4.2,4.9,.865,0.4,2.1,2.5,4.5,0.7,0.2,3.5,2.3,20.8
Kevin Porter Jr.,PG,22,HOU,39,39,34.6,6.8,15.6,.438,2.2,6.5,.345,4.6,9.2,.503,.509,3.6,4.7,.766,1.4,4.1,5.5,5.7,1.3,0.4,3.7,2.8,19.5
Michael Porter Jr.,SF,24,DEN,26,26,29.1,6.0,12.7,.468,2.7,6.7,.410,3.2,6.1,.532,.576,1.6,2.1,.759,1.1,4.8,5.9,1.2,0.6,0.5,1.2,2.4,16.2
Otto Porter Jr.,SF,29,TOR,8,2,18.3,1.9,3.8,.500,0.8,2.1,.353,1.1,1.6,.692,.600,1.0,1.0,1.000,0.8,1.6,2.4,1.0,1.4,0.0,0.5,0.9,5.5
Bobby Portis,PF,27,MIL,40,9,26.3,5.9,11.9,.500,1.2,3.6,.324,4.8,8.3,.575,.549,1.1,1.4,.815,2.6,7.5,10.1,1.8,0.4,0.3,1.2,1.7,14.1
Kristaps Porziņģis,PF,27,WAS,37,37,32.7,7.3,15.4,.476,1.8,5.3,.335,5.5,10.1,.551,.534,5.5,6.8,.810,2.0,7.0,9.0,2.4,1.0,1.5,2.2,2.9,22.0
Micah Potter,PF,24,UTA,3,0,4.7,0.7,0.7,1.000,0.0,0.0,,0.7,0.7,1.000,1.000,0.0,0.0,,0.3,0.7,1.0,0.7,0.0,0.0,0.0,0.7,1.3
Dwight Powell,C,31,DAL,37,26,17.4,2.2,2.9,.734,0.0,0.1,.000,2.2,2.9,.748,.734,1.6,2.2,.707,1.9,1.9,3.8,0.6,0.5,0.4,0.8,2.8,5.9
Norman Powell,SG,29,LAC,33,5,25.2,5.3,11.2,.473,1.7,4.2,.393,3.6,6.9,.522,.548,3.3,4.2,.777,0.3,2.6,2.9,1.7,0.8,0.4,1.8,2.0,15.5
Jason Preston,PG,23,LAC,7,0,9.1,1.1,3.0,.381,0.6,1.6,.364,0.6,1.4,.400,.476,0.0,0.3,.000,0.1,1.3,1.4,2.0,0.1,0.0,0.6,0.7,2.9
Joshua Primo,SG,20,SAS,4,0,23.3,2.3,6.5,.346,0.8,3.0,.250,1.5,3.5,.429,.404,1.8,2.3,.778,0.5,2.8,3.3,4.5,0.3,0.5,2.8,2.0,7.0
Taurean Prince,SF,28,MIN,21,0,20.2,3.1,6.1,.508,1.3,3.3,.391,1.8,2.8,.644,.613,1.0,1.2,.769,0.3,2.0,2.4,1.2,0.3,0.2,1.3,2.7,8.4
Payton Pritchard,PG,25,BOS,26,1,9.6,1.6,3.8,.420,0.8,2.1,.364,0.8,1.7,.489,.520,0.3,0.5,.667,0.4,0.7,1.1,1.0,0.3,0.0,0.7,0.3,4.3
Trevelin Queen,PG,25,IND,2,0,10.0,0.0,1.5,.000,0.0,1.5,.000,0.0,0.0,,.000,0.0,0.0,,0.5,1.0,1.5,1.0,0.5,0.5,1.5,0.5,0.0
Neemias Queta,C,23,SAC,4,0,6.3,1.5,2.0,.750,0.0,0.0,,1.5,2.0,.750,.750,0.0,0.5,.000,1.0,1.3,2.3,0.3,0.0,0.3,0.3,1.8,3.0
Immanuel Quickley,PG,23,NYK,41,8,27.0,4.2,10.2,.417,1.6,4.8,.333,2.6,5.3,.493,.496,2.1,2.5,.842,0.6,3.5,4.1,3.3,1.0,0.1,1.2,2.1,12.2
Julius Randle,PF,28,NYK,41,41,35.3,8.1,17.9,.456,2.7,7.8,.340,5.5,10.0,.547,.531,5.4,7.2,.753,2.1,8.0,10.1,3.8,0.8,0.3,2.6,3.1,24.4
Austin Reaves,SG,24,LAL,36,12,28.9,3.4,7.1,.488,1.3,3.5,.360,2.2,3.6,.612,.577,2.6,2.9,.896,0.6,2.4,3.1,2.2,0.6,0.4,1.4,1.7,10.8
Cam Reddish,SF,23,NYK,20,8,21.9,3.1,6.8,.449,0.9,2.8,.304,2.2,4.0,.550,.511,1.5,1.7,.879,0.4,1.2,1.6,1.0,0.8,0.4,0.8,1.6,8.4
Davon Reed,SG,27,DEN,27,1,9.3,0.7,2.3,.311,0.5,1.4,.351,0.2,0.9,.250,.418,0.5,0.7,.722,0.3,1.1,1.4,0.6,0.3,0.1,0.5,1.0,2.4
Paul Reed,C,23,PHI,33,0,9.9,1.4,2.4,.577,0.0,0.1,.000,1.4,2.3,.600,.577,0.4,0.5,.778,1.3,2.1,3.3,0.4,0.8,0.7,0.6,2.0,3.2
Naz Reid,C,23,MIN,33,4,17.6,4.2,7.5,.556,1.0,2.7,.375,3.2,4.8,.656,.623,1.1,1.7,.636,0.9,3.8,4.7,0.9,0.5,0.9,1.2,2.2,10.4
Jared Rhoden,G,23,DET,1,0,12.0,1.0,3.0,.333,0.0,1.0,.000,1.0,2.0,.500,.333,0.0,0.0,,0.0,1.0,1.0,0.0,0.0,0.0,0.0,3.0,2.0
Nick Richards,C,25,CHO,36,0,17.6,3.2,5.1,.620,0.0,0.0,,3.2,5.1,.620,.620,2.1,2.8,.733,2.7,3.2,5.9,0.6,0.2,0.8,0.8,2.2,8.4
Josh Richardson,SG,29,SAS,31,3,23.0,4.0,9.2,.432,1.7,4.8,.356,2.3,4.4,.515,.525,1.4,1.5,.875,0.6,2.0,2.6,3.2,0.8,0.1,1.6,1.6,11.0
Austin Rivers,SG,30,MIN,31,9,20.3,1.8,4.0,.452,0.9,2.4,.378,0.9,1.6,.560,.565,0.8,0.9,.862,0.1,1.6,1.6,1.5,0.5,0.0,0.6,1.7,5.3
Duncan Robinson,SF,28,MIA,28,0,17.9,2.3,6.2,.368,1.6,5.0,.331,0.6,1.3,.514,.500,0.7,0.8,.909,0.3,1.7,1.9,1.2,0.3,0.0,0.7,2.0,6.9
Mitchell Robinson,C,24,NYK,33,32,26.5,3.2,4.6,.693,0.0,0.0,,3.2,4.6,.693,.693,1.0,1.9,.540,4.3,4.7,9.0,1.0,0.8,1.7,0.5,3.0,7.5
Orlando Robinson,C,22,MIA,14,1,15.4,2.2,3.9,.574,0.0,0.4,.000,2.2,3.5,.633,.574,0.8,1.0,.786,1.6,2.7,4.3,1.0,0.6,0.4,0.6,2.0,5.2
Jeremiah Robinson-Earl,PF,22,OKC,26,18,21.1,3.3,6.7,.489,1.1,2.9,.382,2.2,3.8,.571,.572,0.8,1.1,.786,2.0,3.0,5.0,1.0,0.7,0.4,0.6,1.9,8.5
Isaiah Roby,PF,24,SAS,31,1,10.7,1.5,3.4,.438,0.5,1.5,.311,1.0,1.9,.533,.505,0.4,0.9,.448,0.4,1.9,2.4,1.0,0.4,0.2,0.6,1.2,3.8
David Roddy,PF,21,MEM,37,1,18.6,2.5,6.0,.410,0.9,3.2,.277,1.6,2.8,.563,.484,0.7,1.2,.581,0.6,2.1,2.7,0.7,0.4,0.3,0.8,1.5,6.5
Ryan Rollins,PG,20,GSW,12,0,5.2,0.6,1.7,.350,0.3,0.8,.333,0.3,0.9,.364,.425,0.5,0.5,1.000,0.3,0.8,1.0,0.5,0.1,0.1,1.3,0.8,1.9
Derrick Rose,PG,34,NYK,26,0,12.9,2.3,6.0,.394,0.7,2.3,.317,1.6,3.7,.442,.455,0.4,0.5,.917,0.3,1.2,1.5,1.8,0.3,0.2,0.8,0.7,5.8
Terrence Ross,SG,31,ORL,38,9,22.4,3.1,7.2,.430,1.4,3.8,.375,1.7,3.4,.492,.529,0.4,0.5,.750,0.3,1.8,2.1,1.3,0.6,0.2,0.9,1.3,8.0
Terry Rozier,PG,28,CHO,32,32,35.5,7.9,19.3,.409,2.6,7.9,.324,5.3,11.4,.468,.476,2.7,3.2,.842,1.1,3.2,4.3,5.3,0.8,0.2,2.5,1.9,21.0
D'Angelo Russell,PG,26,MIN,38,38,32.7,6.0,13.2,.458,2.3,6.4,.352,3.8,6.7,.559,.544,2.8,3.3,.856,0.5,2.7,3.2,6.4,1.1,0.5,2.7,2.2,17.1
Matt Ryan,SF,25,TOT,23,0,9.3,1.1,3.3,.325,0.9,2.5,.351,0.2,0.9,.250,.455,0.3,0.3,.857,0.2,0.7,0.9,0.3,0.2,0.0,0.3,0.7,3.3
Domantas Sabonis,PF,26,SAC,38,38,34.1,6.9,11.3,.615,0.5,1.2,.413,6.4,10.1,.640,.638,4.3,5.8,.745,3.0,9.4,12.4,6.8,0.8,0.5,2.6,3.7,18.7
Dario Šarić,PF,28,PHO,23,6,12.4,1.6,4.0,.391,0.7,1.8,.381,0.9,2.2,.400,.478,0.6,0.7,.875,0.8,2.2,3.0,1.3,0.3,0.1,0.9,1.5,4.4
Jordan Schakel,SF,24,WAS,2,0,3.0,0.5,1.0,.500,0.5,0.5,1.000,0.0,0.5,.000,.750,0.0,0.0,,0.0,0.0,0.0,0.5,0.5,0.0,0.0,0.5,1.5
Admiral Schofield,PF,25,ORL,25,0,13.3,1.8,3.7,.478,0.7,2.2,.333,1.0,1.5,.684,.576,0.7,0.8,.895,0.8,1.3,2.1,0.9,0.2,0.1,0.2,2.0,4.9
Dennis Schröder,PG,29,LAL,27,24,29.2,4.1,9.3,.448,1.4,3.6,.385,2.8,5.7,.487,.522,3.0,3.3,.900,0.2,2.1,2.3,3.7,0.7,0.0,1.7,2.1,12.7
Dereon Seabron,SG,22,NOP,3,0,1.7,0.3,1.0,.333,0.0,0.0,,0.3,1.0,.333,.333,0.0,0.0,,0.3,0.0,0.3,0.0,0.0,0.0,0.0,0.3,0.7
Alperen Şengün,C,20,HOU,36,33,26.6,5.6,10.3,.549,0.1,0.7,.200,5.5,9.6,.574,.555,3.2,4.0,.786,3.3,5.3,8.6,2.6,0.7,0.9,2.1,3.4,14.6
Collin Sexton,SG,24,UTA,32,10,24.1,4.8,9.8,.487,1.0,2.6,.386,3.8,7.2,.524,.538,3.6,4.2,.844,0.8,1.4,2.2,2.9,0.6,0.1,1.7,2.4,14.1
Landry Shamet,SG,25,PHO,29,6,21.3,3.1,8.0,.386,2.1,5.4,.385,1.0,2.7,.390,.515,1.3,1.4,.902,0.3,1.3,1.6,2.1,0.6,0.2,1.0,1.5,9.6
Day'Ron Sharpe,C,21,BRK,20,1,8.9,1.5,2.9,.526,0.2,0.3,.800,1.3,2.6,.500,.561,0.7,1.0,.684,1.3,1.9,3.2,0.7,0.2,0.5,0.8,1.7,3.9
Shaedon Sharpe,SG,19,POR,39,5,19.4,3.1,6.5,.475,0.9,2.4,.358,2.2,4.1,.544,.541,0.6,0.9,.611,0.8,1.7,2.5,0.5,0.4,0.2,0.7,1.6,7.6
Pascal Siakam,C,28,TOR,31,31,37.2,8.9,18.8,.474,1.4,4.1,.339,7.5,14.7,.512,.511,6.6,8.5,.779,2.0,6.3,8.3,6.5,0.9,0.5,2.6,3.3,25.8
Ben Simmons,PG,26,BRK,30,25,27.2,3.5,6.0,.592,0.0,0.0,.000,3.5,5.9,.596,.592,0.6,1.5,.413,1.0,5.6,6.7,6.0,1.4,0.5,2.1,3.5,7.7
Marko Simonovic,C,23,CHI,1,0,2.0,0.0,1.0,.000,0.0,1.0,.000,0.0,0.0,,.000,0.0,0.0,,0.0,0.0,0.0,0.0,0.0,0.0,0.0,0.0,0.0
Anfernee Simons,SG,23,POR,38,38,36.2,7.8,17.9,.438,3.7,10.0,.375,4.1,7.9,.518,.543,2.7,3.1,.897,0.3,2.6,2.9,4.0,0.8,0.2,2.3,2.4,22.2
Jericho Sims,C,24,NYK,32,2,12.3,1.7,2.1,.779,0.0,0.0,,1.7,2.1,.779,.779,0.3,0.3,.800,1.8,2.4,4.2,0.3,0.2,0.6,0.4,1.6,3.6
Marcus Smart,PG,28,BOS,36,36,32.6,4.0,9.4,.424,1.8,5.3,.339,2.2,4.1,.534,.519,1.3,1.7,.774,0.7,2.7,3.4,7.2,1.3,0.4,2.3,2.7,11.1
Dennis Smith Jr.,PG,25,CHO,20,11,26.4,3.7,8.4,.437,0.6,1.9,.289,3.1,6.5,.481,.470,0.7,1.1,.619,0.5,2.5,3.0,5.0,1.8,0.6,1.5,2.3,8.5
Dru Smith,SG,25,MIA,5,1,13.4,1.0,2.8,.357,0.2,1.2,.167,0.8,1.6,.500,.393,0.0,0.0,,0.2,1.6,1.8,1.0,0.8,0.6,0.2,2.0,2.2
Ish Smith,PG,34,DEN,19,0,8.3,1.1,2.7,.392,0.1,0.3,.333,0.9,2.4,.400,.412,0.1,0.1,.500,0.1,0.8,0.8,1.7,0.2,0.3,0.9,0.6,2.3
Jabari Smith Jr.,PF,19,HOU,39,39,29.8,4.1,10.8,.383,1.8,5.7,.321,2.3,5.0,.454,.469,1.7,2.1,.807,1.2,5.8,7.0,0.9,0.6,0.9,1.3,3.1,11.8
Jalen Smith,PF,22,IND,39,27,20.2,3.8,8.2,.461,1.0,3.4,.288,2.8,4.8,.583,.520,1.6,2.0,.785,1.8,4.3,6.2,1.1,0.4,0.9,1.2,2.2,10.1
Jeremy Sochan,PF,19,SAS,35,32,25.5,3.6,8.0,.452,0.4,2.1,.208,3.2,6.0,.536,.479,1.0,1.6,.625,1.5,3.2,4.7,2.4,0.8,0.5,1.7,2.7,8.7
Jaden Springer,PG,20,PHI,6,0,4.0,1.2,1.8,.636,0.0,0.0,,1.2,1.8,.636,.636,0.5,0.7,.750,0.7,0.5,1.2,0.2,0.2,0.3,0.2,1.0,2.8
Lamar Stevens,PF,25,CLE,26,18,21.6,2.5,5.7,.436,0.6,1.9,.300,1.9,3.8,.505,.487,0.7,1.1,.679,0.7,3.0,3.7,0.7,0.5,0.5,0.6,1.3,6.3
Isaiah Stewart,C,21,DET,36,36,28.5,4.1,8.9,.457,1.4,4.2,.342,2.6,4.7,.559,.537,2.2,3.0,.741,2.2,5.8,7.9,1.2,0.4,0.7,1.5,2.6,11.8
Max Strus,SF,26,MIA,40,22,30.7,4.7,11.6,.406,2.8,8.0,.344,2.0,3.6,.545,.525,1.1,1.3,.860,0.7,2.8,3.5,2.0,0.8,0.2,0.9,2.1,13.2
Jalen Suggs,PG,21,ORL,18,13,25.6,4.1,9.8,.412,1.2,4.5,.272,2.8,5.3,.531,.475,1.8,2.6,.696,1.1,2.1,3.1,4.6,1.3,0.6,2.8,2.6,11.1
Edmond Sumner,SG,27,BRK,33,9,14.4,2.3,5.1,.456,0.5,1.7,.281,1.8,3.4,.545,.503,1.6,1.8,.931,0.3,1.1,1.4,1.4,0.8,0.2,0.9,1.5,6.8
Cole Swider,SF,23,LAL,3,0,9.3,1.0,2.7,.375,1.0,2.3,.429,0.0,0.3,.000,.563,0.0,0.0,,0.0,2.0,2.0,1.3,0.0,0.0,0.0,0.7,3.0
Jae'Sean Tate,SF,27,HOU,5,2,21.0,3.2,6.8,.471,0.8,2.2,.364,2.4,4.6,.522,.529,0.6,0.8,.750,2.2,1.6,3.8,3.2,1.2,0.2,1.6,3.8,7.8
Jayson Tatum,PF,24,BOS,39,39,36.7,10.1,21.4,.472,3.2,9.2,.351,6.9,12.2,.563,.547,7.4,8.6,.860,1.1,7.1,8.1,4.2,1.1,0.8,2.7,2.1,30.8
Terry Taylor,SG,23,IND,18,2,7.7,0.7,1.9,.382,0.1,0.6,.200,0.6,1.3,.458,.412,0.2,0.3,.800,0.6,0.7,1.3,0.3,0.1,0.2,0.2,0.7,1.8
Garrett Temple,SG,36,NOP,14,0,7.8,0.9,2.1,.433,0.6,1.4,.421,0.4,0.8,.455,.567,0.2,0.3,.750,0.1,0.6,0.7,0.5,0.6,0.1,0.2,0.8,2.6
Dalen Terry,SG,20,CHI,14,0,3.7,0.3,0.9,.308,0.1,0.3,.250,0.2,0.6,.333,.346,0.2,0.3,.750,0.0,0.3,0.3,0.5,0.1,0.1,0.3,0.3,0.9
Cam Thomas,SG,21,BRK,27,0,13.6,2.1,5.1,.413,0.4,1.1,.387,1.7,4.0,.421,.457,1.7,2.2,.783,0.1,1.2,1.3,1.4,0.3,0.1,0.7,0.9,6.4
Klay Thompson,SG,32,GSW,32,32,32.3,7.5,18.2,.415,4.0,10.5,.385,3.5,7.7,.455,.526,1.8,2.0,.889,0.8,3.2,3.9,2.4,0.6,0.5,1.7,2.0,20.8
JT Thor,PF,20,CHO,29,0,10.7,1.0,2.7,.385,0.4,1.5,.279,0.6,1.2,.514,.462,0.4,0.5,.733,0.5,1.2,1.7,0.4,0.2,0.2,0.4,0.8,2.9
Matisse Thybulle,SG,25,PHI,36,6,12.0,1.0,2.4,.414,0.4,1.4,.320,0.6,1.0,.541,.506,0.1,0.2,.500,0.3,0.9,1.2,0.5,0.8,0.3,0.1,1.2,2.5
Xavier Tillman Sr.,PF,24,MEM,24,1,11.6,2.0,3.3,.603,0.1,0.4,.300,1.8,2.8,.647,.622,0.6,1.1,.519,1.4,1.7,3.1,0.7,0.5,0.3,0.4,1.0,4.6
Isaiah Todd,PF,21,WAS,4,0,3.3,0.3,1.0,.250,0.0,0.8,.000,0.3,0.3,1.000,.250,0.0,0.0,,0.0,0.0,0.0,0.0,0.0,0.0,0.0,0.0,0.5
Obi Toppin,PF,24,NYK,26,0,16.8,2.8,6.7,.420,1.3,3.8,.354,1.5,2.9,.507,.520,0.5,0.7,.824,0.5,3.1,3.6,1.0,0.4,0.2,0.7,1.1,7.5
Juan Toscano-Anderson,SF,29,LAL,21,5,12.6,1.0,2.1,.500,0.1,0.7,.200,0.9,1.4,.655,.534,0.3,0.4,.667,0.4,1.8,2.2,0.7,0.4,0.3,0.7,1.7,2.5
Karl-Anthony Towns,PF,27,MIN,21,21,33.8,7.3,14.4,.505,1.8,5.6,.325,5.5,8.9,.618,.568,4.4,5.0,.885,1.7,6.5,8.2,5.3,0.8,0.7,3.1,3.9,20.8
Gary Trent Jr.,SG,24,TOR,34,24,32.3,6.4,14.4,.443,2.6,7.1,.367,3.8,7.3,.516,.533,3.2,3.9,.821,0.5,1.8,2.3,1.5,1.6,0.2,1.1,1.8,18.5
P.J. Tucker,PF,37,PHI,38,38,27.4,1.2,3.1,.405,0.7,1.7,.379,0.6,1.3,.440,.513,0.3,0.3,.833,1.3,3.1,4.4,0.9,0.6,0.3,0.8,2.6,3.4
Myles Turner,C,26,IND,35,35,29.8,6.1,11.0,.552,1.4,3.8,.379,4.7,7.3,.642,.617,3.4,4.4,.784,1.4,6.5,7.9,1.5,0.6,2.3,1.7,3.3,17.0
Jonas Valančiūnas,C,30,NOP,41,41,24.9,5.5,10.5,.524,0.6,1.8,.342,4.9,8.7,.562,.554,2.5,3.0,.844,2.9,6.8,9.7,1.7,0.3,0.5,2.0,3.1,14.1
Jarred Vanderbilt,PF,23,UTA,42,39,24.8,3.4,6.1,.565,0.4,1.1,.333,3.1,5.0,.614,.594,1.2,1.8,.684,2.5,5.6,8.1,2.8,1.1,0.2,1.5,2.6,8.5
Fred VanVleet,PG,28,TOR,33,33,36.9,5.9,15.6,.376,2.8,8.7,.328,3.0,6.9,.437,.467,3.8,4.3,.880,0.5,3.7,4.2,6.3,1.5,0.5,1.8,2.8,18.4
Devin Vassell,SG,22,SAS,29,24,31.3,7.1,16.0,.445,2.8,7.0,.404,4.3,9.0,.477,.533,2.4,3.0,.793,0.2,3.8,4.0,3.6,1.2,0.4,1.6,1.4,19.4
Gabe Vincent,PG,26,MIA,28,2,24.3,2.9,7.7,.380,1.3,4.5,.291,1.6,3.2,.506,.465,1.0,1.1,.844,0.4,1.8,2.1,2.7,0.7,0.1,1.5,2.4,8.1
Noah Vonleh,C,27,BOS,23,1,7.4,0.5,1.0,.458,0.0,0.2,.250,0.4,0.9,.500,.479,0.1,0.1,1.000,0.8,1.3,2.1,0.3,0.1,0.3,0.5,1.5,1.1
Nikola Vučević,C,32,CHI,41,41,33.2,6.7,13.0,.518,1.7,4.5,.383,5.0,8.5,.589,.584,1.8,2.1,.830,2.0,8.9,10.9,3.0,0.6,0.9,1.8,2.1,16.9
Dean Wade,PF,26,CLE,17,9,24.1,2.2,4.9,.452,1.4,3.3,.411,0.9,1.6,.536,.589,0.5,0.8,.692,0.6,3.5,4.1,1.0,0.7,0.4,0.4,2.5,6.4
Franz Wagner,SF,21,ORL,41,41,33.4,7.3,15.0,.490,1.6,4.5,.353,5.8,10.5,.549,.543,3.9,4.5,.860,0.9,3.0,3.8,3.4,0.9,0.2,2.2,2.3,20.2
Moritz Wagner,C,25,ORL,21,14,24.3,4.0,8.2,.494,1.2,3.5,.342,2.9,4.7,.606,.567,2.7,3.1,.848,1.8,4.5,6.3,2.0,0.9,0.2,1.6,3.1,12.0
Ish Wainright,SF,28,PHO,25,1,14.2,1.2,3.2,.388,0.9,2.3,.386,0.4,0.9,.391,.525,0.2,0.4,.667,1.1,1.0,2.0,0.9,0.6,0.2,0.4,2.0,3.6
Jabari Walker,SF,20,POR,24,0,8.9,0.9,2.0,.429,0.1,0.5,.250,0.8,1.5,.486,.459,0.4,0.6,.643,1.0,1.5,2.5,0.6,0.1,0.2,0.4,1.1,2.3
Kemba Walker,PG,32,DAL,9,1,16.0,2.7,6.3,.421,0.8,3.1,.250,1.9,3.2,.586,.482,1.9,2.3,.810,0.3,1.4,1.8,2.1,0.2,0.2,0.4,1.2,8.0
Lonnie Walker IV,SG,24,LAL,32,32,29.8,5.3,11.7,.455,2.1,5.4,.384,3.3,6.3,.515,.543,2.0,2.3,.875,0.3,2.0,2.3,1.4,0.8,0.3,1.0,1.7,14.7
John Wall,PG,32,LAC,33,3,22.0,4.0,9.9,.405,0.9,3.2,.295,3.1,6.7,.457,.452,2.3,3.4,.676,0.4,2.2,2.6,5.3,0.8,0.4,2.3,1.7,11.2
T.J. Warren,SF,29,BRK,16,0,19.9,4.1,7.7,.537,0.6,1.8,.345,3.5,5.9,.596,.577,1.0,1.1,.889,0.7,2.5,3.2,1.4,0.8,0.3,0.7,1.7,9.9
Duane Washington Jr.,SG,22,PHO,25,1,12.4,3.2,8.3,.391,1.4,3.7,.370,1.9,4.6,.409,.473,0.5,0.8,.684,0.0,1.1,1.1,1.9,0.2,0.0,1.1,0.6,8.4
P.J. Washington,PF,24,CHO,41,41,32.0,5.7,13.1,.437,2.0,5.6,.351,3.8,7.5,.502,.512,1.8,2.3,.798,1.1,3.5,4.6,2.3,0.8,1.1,1.5,2.7,15.3
TyTy Washington Jr.,PG,21,HOU,12,0,10.7,1.3,3.8,.348,0.3,1.8,.143,1.1,2.1,.520,.380,0.3,0.5,.500,0.1,1.3,1.3,1.3,0.4,0.0,0.3,1.2,3.2
Yuta Watanabe,SF,28,BRK,27,0,18.3,2.7,4.8,.558,1.4,2.7,.527,1.2,2.0,.600,.709,0.6,0.8,.714,0.6,2.2,2.8,0.9,0.6,0.4,0.4,1.6,7.3
Lindy Waters III,SG,25,OKC,15,0,11.8,1.4,3.7,.382,1.3,3.4,.373,0.1,0.3,.500,.555,0.3,0.5,.714,0.4,1.5,1.9,0.7,0.3,0.3,0.3,0.9,4.4
Trendon Watford,PF,22,POR,28,2,16.6,1.8,3.3,.548,0.3,0.8,.348,1.5,2.5,.614,.591,1.2,1.6,.773,0.7,3.1,3.8,1.6,0.5,0.1,1.0,1.9,5.1
Peyton Watson,SG,20,DEN,6,0,2.5,0.5,1.5,.333,0.0,0.2,.000,0.5,1.3,.375,.333,0.0,0.0,,0.3,0.2,0.5,0.0,0.0,0.0,0.0,0.2,1.0
Blake Wesley,SG,19,SAS,2,0,11.5,3.0,4.5,.667,1.0,1.5,.667,2.0,3.0,.667,.778,1.0,2.0,.500,0.5,0.5,1.0,2.0,0.0,0.0,1.0,1.5,8.0
Russell Westbrook,PG,34,LAL,38,3,28.2,5.6,13.5,.414,1.1,4.0,.285,4.4,9.5,.468,.456,2.8,4.1,.673,1.1,5.3,6.4,7.9,1.0,0.5,3.7,2.3,15.1
Coby White,PG,22,CHI,33,0,20.5,2.7,6.5,.409,1.5,4.4,.345,1.2,2.1,.543,.526,0.8,1.1,.778,0.2,2.3,2.5,1.8,0.7,0.1,0.8,1.7,7.7
Derrick White,SG,28,BOS,41,34,26.3,3.4,7.6,.445,1.5,4.0,.364,1.9,3.5,.538,.542,1.7,2.0,.864,0.6,2.5,3.1,3.4,0.7,1.0,1.0,2.4,9.9
Jack White,SF,25,DEN,9,0,3.0,0.1,0.7,.167,0.0,0.2,.000,0.1,0.4,.250,.167,0.0,0.0,,0.2,0.3,0.6,0.0,0.1,0.2,0.0,0.4,0.2
Aaron Wiggins,SG,24,OKC,32,7,18.2,2.4,4.8,.490,0.7,1.8,.393,1.7,3.1,.545,.561,0.9,1.1,.800,1.0,2.4,3.4,1.5,0.5,0.1,0.9,1.6,6.3
Andrew Wiggins,SF,27,GSW,24,24,32.1,7.2,14.5,.496,2.9,6.7,.431,4.3,7.8,.551,.595,1.2,1.9,.630,1.6,3.4,5.0,2.2,1.5,0.8,1.4,2.9,18.4
Alondes Williams,SG,23,BRK,1,0,5.0,0.0,0.0,,0.0,0.0,,0.0,0.0,,,0.0,0.0,,0.0,1.0,1.0,0.0,0.0,0.0,2.0,1.0,0.0
Grant Williams,PF,24,BOS,40,14,27.5,3.1,6.1,.510,1.6,3.7,.422,1.6,2.4,.646,.638,1.2,1.5,.845,1.1,3.6,4.7,1.6,0.8,0.4,0.9,2.5,9.0
Jalen Williams,SG,21,OKC,37,24,27.8,4.7,9.2,.510,0.8,2.6,.292,3.9,6.6,.596,.551,1.5,2.0,.740,0.7,2.9,3.6,2.8,0.9,0.5,1.6,2.6,11.6
Jaylin Williams,PF,20,OKC,11,3,11.9,1.1,3.2,.343,0.3,1.1,.250,0.8,2.1,.391,.386,0.5,0.9,.600,0.8,2.7,3.5,1.1,0.5,0.1,0.5,2.1,3.0
Kenrich Williams,PF,28,OKC,33,5,21.7,3.2,5.8,.552,0.9,2.1,.426,2.3,3.8,.621,.628,0.4,0.8,.462,1.9,2.8,4.7,1.5,0.7,0.2,0.4,2.1,7.7
Mark Williams,C,21,CHO,12,0,13.7,2.3,4.1,.551,0.0,0.0,,2.3,4.1,.551,.551,1.6,2.2,.731,1.5,4.4,5.9,0.4,0.7,0.7,1.0,1.8,6.1
Patrick Williams,PF,21,CHI,41,40,29.0,3.7,8.1,.458,1.5,3.5,.420,2.2,4.6,.487,.548,1.0,1.2,.896,1.0,3.1,4.1,1.3,0.7,0.9,1.3,2.1,9.9
Robert Williams,C,25,BOS,10,1,19.8,3.4,4.1,.829,0.0,0.0,,3.4,4.1,.829,.829,0.9,1.2,.750,3.0,4.6,7.6,1.3,0.5,1.4,0.9,1.7,7.7
Vince Williams Jr.,SG,22,MEM,8,0,5.5,0.4,1.4,.273,0.1,1.0,.125,0.3,0.4,.667,.318,0.0,0.0,,0.1,0.5,0.6,0.4,0.5,0.1,0.0,0.6,0.9
Ziaire Williams,SF,21,MEM,14,0,16.6,2.4,5.9,.415,0.7,2.9,.250,1.7,3.0,.571,.476,0.6,0.7,.900,0.4,2.8,3.2,1.0,0.4,0.2,1.4,1.9,6.2
Zion Williamson,PF,22,NOP,29,29,33.0,9.8,16.2,.608,0.2,0.7,.368,9.6,15.5,.618,.615,6.1,8.6,.714,2.0,5.0,7.0,4.6,1.1,0.6,3.4,2.2,26.0
Justise Winslow,SF,26,POR,29,11,26.8,2.8,6.8,.409,0.5,1.6,.311,2.3,5.3,.438,.444,0.7,1.0,.714,1.7,3.3,5.0,3.4,1.0,0.4,1.5,3.1,6.8
James Wiseman,C,21,GSW,19,0,12.7,2.8,4.6,.609,0.1,0.1,.500,2.7,4.5,.612,.615,1.2,1.8,.657,0.9,2.7,3.6,0.7,0.1,0.4,0.7,1.9,6.8
Christian Wood,PF,27,DAL,39,14,28.2,6.5,12.1,.541,1.8,4.5,.397,4.8,7.6,.626,.615,3.2,4.3,.737,1.4,6.7,8.1,1.5,0.5,1.2,2.2,2.8,18.0
Delon Wright,PG,30,WAS,12,0,19.0,1.9,4.8,.397,0.5,2.3,.214,1.4,2.5,.567,.448,1.1,1.3,.813,0.6,1.5,2.1,3.3,2.2,0.3,0.8,1.1,5.4
McKinley Wright IV,PG,24,DAL,12,0,9.6,0.7,1.7,.400,0.0,0.3,.000,0.7,1.3,.500,.400,0.3,0.5,.667,0.3,0.7,1.0,1.0,0.6,0.1,0.7,1.1,1.7
Thaddeus Young,PF,34,TOR,35,9,16.5,2.2,4.0,.543,0.1,0.7,.174,2.1,3.3,.615,.557,0.4,0.5,.737,1.6,2.0,3.6,1.6,1.1,0.1,0.7,1.8,4.9
Trae Young,PG,24,ATL,36,36,35.6,8.8,20.8,.422,2.2,7.1,.314,6.5,13.7,.478,.475,7.8,8.7,.891,0.7,2.2,2.9,9.8,0.8,0.1,3.9,1.6,27.5
Ivica Zubac,C,25,LAC,41,41,29.2,4.0,6.4,.626,0.0,0.0,.000,4.0,6.3,.631,.626,2.2,3.2,.695,3.4,7.1,10.5,1.1,0.4,1.3,2.0,3.0,10.2
